#
# A fatal error has been detected by the Java Runtime Environment:
#
#  EXCEPTION_ACCESS_VIOLATION (0xc0000005) at pc=0x00007ffc7cef927b, pid=12924, tid=4852
#
# JRE version: OpenJDK Runtime Environment Microsoft-12574423 (17.0.17+10) (build 17.0.17+10-LTS)
# Java VM: OpenJDK 64-Bit Server VM Microsoft-12574423 (17.0.17+10-LTS, mixed mode, sharing, tiered, compressed oops, compressed class ptrs, g1 gc, windows-amd64)
# Problematic frame:
# V  [jvm.dll+0x22927b]
#
# No core dump will be written. Minidumps are not enabled by default on client versions of Windows
#
# If you would like to submit a bug report, please visit:
#   https://github.com/microsoft/openjdk/issues
#

---------------  S U M M A R Y ------------

Command Line: --add-opens=java.base/java.lang=ALL-UNNAMED --add-opens=java.base/java.lang.invoke=ALL-UNNAMED --add-opens=java.base/java.util=ALL-UNNAMED --add-opens=java.prefs/java.util.prefs=ALL-UNNAMED --add-exports=jdk.compiler/com.sun.tools.javac.api=ALL-UNNAMED --add-exports=jdk.compiler/com.sun.tools.javac.util=ALL-UNNAMED --add-opens=java.base/java.util=ALL-UNNAMED --add-opens=java.prefs/java.util.prefs=ALL-UNNAMED --add-opens=java.base/java.nio.charset=ALL-UNNAMED --add-opens=java.base/java.net=ALL-UNNAMED --add-opens=java.base/java.util.concurrent.atomic=ALL-UNNAMED --add-opens=java.xml/javax.xml.namespace=ALL-UNNAMED -Xmx2048m -Dfile.encoding=UTF-8 -Duser.country=RU -Duser.language=ru -Duser.variant -javaagent:C:\Users\mrtha\.gradle\wrapper\dists\gradle-8.11.1-bin\bpt9gzteqjrbo1mjrsomdt32c\gradle-8.11.1\lib\agents\gradle-instrumentation-agent-8.11.1.jar org.gradle.launcher.daemon.bootstrap.GradleDaemon 8.11.1

Host: 12th Gen Intel(R) Core(TM) i7-12700H, 20 cores, 15G,  Windows 11 , 64 bit Build 26100 (10.0.26100.7705)
Time: Wed Feb 11 15:38:16 2026 RTZ 7 (s 11 , 64 bit Build 26100 (10.0.26100.7705) elapsed time: 3079.516011 seconds (0d 0h 51m 19s)

---------------  T H R E A D  ---------------

Current thread (0x000002161cd94ab0):  JavaThread "C2 CompilerThread1" daemon [_thread_in_native, id=4852, stack(0x0000001dc0d00000,0x0000001dc0e00000)]


Current CompileTask:
C2:3079516 64111       4       org.jetbrains.kotlin.gradle.internal.kapt.incremental.ClassTypeExtractorVisitor::visitMethod (158 bytes)

Stack: [0x0000001dc0d00000,0x0000001dc0e00000],  sp=0x0000001dc0dfb370,  free space=1004k
Native frames: (J=compiled Java code, j=interpreted, Vv=VM code, C=native code)
V  [jvm.dll+0x22927b]  (no source info available)
V  [jvm.dll+0x5b52ab]  (no source info available)
V  [jvm.dll+0x5ad9fc]  (no source info available)
V  [jvm.dll+0x2c1ead]  (no source info available)
V  [jvm.dll+0x2c1570]  (no source info available)
V  [jvm.dll+0x2be5a5]  (no source info available)
V  [jvm.dll+0x2bec2a]  (no source info available)
V  [jvm.dll+0x21f86f]  (no source info available)
V  [jvm.dll+0x21d260]  (no source info available)
V  [jvm.dll+0x1a8ce6]  (no source info available)
V  [jvm.dll+0x22db1b]  (no source info available)
V  [jvm.dll+0x22bca6]  (no source info available)
V  [jvm.dll+0x7fb65b]  (no source info available)
V  [jvm.dll+0x7f5a5c]  (no source info available)
V  [jvm.dll+0x68d9f7]  (no source info available)
C  [ucrtbase.dll+0x37b0]  (no source info available)
C  [KERNEL32.DLL+0x2e8d7]  (no source info available)
C  [ntdll.dll+0x8c40c]  (no source info available)


siginfo: EXCEPTION_ACCESS_VIOLATION (0xc0000005), reading address 0x0000000000000010


Registers:
RAX=0x000002161ff72868, RBX=0x0000021607145a10, RCX=0x0000001dc0dfec20, RDX=0x0000000000000000
RSP=0x0000001dc0dfb370, RBP=0x0000000000000043, RSI=0x000000000000000a, RDI=0x000002161c200f70
R8 =0x0000000000000000, R9 =0x0000000000000000, R10=0x00007ffd38c40000, R11=0x0000000000000000
R12=0x000000000000000c, R13=0x0000000000000000, R14=0x0000001dc0dfb5b0, R15=0x000000000000000a
RIP=0x00007ffc7cef927b, EFLAGS=0x0000000000010202

XMM[0]=0x0000000000000000 0x0000000000000000
XMM[1]=0x000002161abbd0e0 0x000002162fed8e08
XMM[2]=0x000002162fed6a28 0x0000021619398660
XMM[3]=0x0000000000000000 0x0000000000000000
XMM[4]=0x0000000000000000 0x0000000000000000
XMM[5]=0x0000000000000000 0x0000000000000000
XMM[6]=0x0000000000000000 0x0000000000000000
XMM[7]=0x0000000000000000 0x0000000000000000
XMM[8]=0x0000000000000000 0x0000000000000000
XMM[9]=0x0000000000000000 0x0000000000000000
XMM[10]=0x0000000000000000 0x0000000000000000
XMM[11]=0x0000000000000000 0x0000000000000000
XMM[12]=0x0000000000000000 0x0000000000000000
XMM[13]=0x0000000000000000 0x0000000000000000
XMM[14]=0x0000000000000000 0x0000000000000000
XMM[15]=0x0000000000000000 0x0000000000000000
  MXCSR=0x00001fa0


Register to memory mapping:

RIP=0x00007ffc7cef927b jvm.dll
RAX=0x000002161ff72868 points into unknown readable memory: 0x0000000000000043 | 43 00 00 00 00 00 00 00
RBX=0x0000021607145a10 points into unknown readable memory: 0x00007ffc7d5f9998 | 98 99 5f 7d fc 7f 00 00
RCX=0x0000001dc0dfec20 is pointing into the stack for thread: 0x000002161cd94ab0
RDX=0x0 is NULL
RSP=0x0000001dc0dfb370 is pointing into the stack for thread: 0x000002161cd94ab0
RBP=0x0000000000000043 is an unknown value
RSI=0x000000000000000a is an unknown value
RDI=0x000002161c200f70 points into unknown readable memory: 0x00007ffc7d6af6e8 | e8 f6 6a 7d fc 7f 00 00
R8 =0x0 is NULL
R9 =0x0 is NULL
R10=0x00007ffd38c40000 VCRUNTIME140.dll
R11=0x0 is NULL
R12=0x000000000000000c is an unknown value
R13=0x0 is NULL
R14=0x0000001dc0dfb5b0 is pointing into the stack for thread: 0x000002161cd94ab0
R15=0x000000000000000a is an unknown value


Top of Stack: (sp=0x0000001dc0dfb370)
0x0000001dc0dfb370:   0000000000000000 0000000000000000
0x0000001dc0dfb380:   0000000000000000 0000001dc0dfb5b0
0x0000001dc0dfb390:   0000021607145a10 00007ffc7d2852ab
0x0000001dc0dfb3a0:   0000001dc0dff080 000002161c200b70
0x0000001dc0dfb3b0:   0000000000000857 00007ffc7d4d9db0
0x0000001dc0dfb3c0:   000002161c203a50 0000021620656510
0x0000001dc0dfb3d0:   000002162b383530 00007ffc7fffff00
0x0000001dc0dfb3e0:   000000000000000c 0000000000000004
0x0000001dc0dfb3f0:   0000000000000857 00007ffc7d4d76a1
0x0000001dc0dfb400:   000000007fffffff 0000000000000001
0x0000001dc0dfb410:   0000000000000000 000002161e9c0fd0
0x0000001dc0dfb420:   000000000000000c 000000000000000a
0x0000001dc0dfb430:   000002161c200b70 0000000000000000
0x0000001dc0dfb440:   000002162fed8e08 00000216070a3a80
0x0000001dc0dfb450:   00000216070d3d80 0000001dc0dfb5b0
0x0000001dc0dfb460:   0000021613dd2450 00007ffc7d27d9fc
0x0000001dc0dfb470:   0000021600000043 0000021607145a10
0x0000001dc0dfb480:   000002162fed8da0 00007ffc0000000a
0x0000001dc0dfb490:   00000216070d3d80 000002161c200f70
0x0000001dc0dfb4a0:   000002161e108028 00007ffc7cf79f9c
0x0000001dc0dfb4b0:   000002161c200b70 000002161f7b1850
0x0000001dc0dfb4c0:   0000000000000000 000002161e9c0fd0
0x0000001dc0dfb4d0:   000002162b383578 0000000000000004
0x0000001dc0dfb4e0:   000002161e9c0ce8 00007ffc7cd4ba54
0x0000001dc0dfb4f0:   0000021607145b28 000002161e9c0ce8
0x0000001dc0dfb500:   000002162b383530 000002161e9c0f60
0x0000001dc0dfb510:   000002162fed8e08 0000021607145b28
0x0000001dc0dfb520:   000002161d2fae50 000002161383e9f0
0x0000001dc0dfb530:   0000000000000006 0000000000000001
0x0000001dc0dfb540:   000002161e108028 00007ffc7cf91ead
0x0000001dc0dfb550:   0000001dc0dfb5b0 000002161e108028
0x0000001dc0dfb560:   0000000000000000 0000000000000000 

Instructions: (pc=0x00007ffc7cef927b)
0x00007ffc7cef917b:   01 00 00 00 48 8b f9 39 99 f0 01 00 00 7e 62 66
0x00007ffc7cef918b:   0f 1f 44 00 00 4c 8b 87 f8 01 00 00 8d 43 ff 48
0x00007ffc7cef919b:   63 d0 48 63 c3 49 8d 14 d0 49 8d 0c c0 e8 33 7b
0x00007ffc7cef91ab:   ff ff 85 c0 78 15 ff c3 3b 9f f0 01 00 00 7c d5
0x00007ffc7cef91bb:   48 8b 5c 24 30 48 83 c4 20 5f c3 48 8b 8f f8 01
0x00007ffc7cef91cb:   00 00 48 85 c9 74 1a 48 63 97 f0 01 00 00 4c 8d
0x00007ffc7cef91db:   0d 00 7b ff ff 41 b8 08 00 00 00 ff 15 5c b7 67
0x00007ffc7cef91eb:   00 48 8b 5c 24 30 48 83 c4 20 5f c3 cc cc cc cc
0x00007ffc7cef91fb:   cc cc cc cc cc 48 83 ec 08 4c 63 91 a8 01 00 00
0x00007ffc7cef920b:   4c 8b c9 4d 85 d2 7e 4a 33 c0 48 89 1c 24 44 8b
0x00007ffc7cef921b:   c0 0f 1f 40 00 4d 8b 99 b0 01 00 00 49 8b 1c c3
0x00007ffc7cef922b:   8b 4b 2c 83 e1 3f 80 f9 27 75 1b 49 3b c0 74 13
0x00007ffc7cef923b:   4b 8b 14 c3 4b 89 1c c3 49 8b 89 b0 01 00 00 48
0x00007ffc7cef924b:   89 14 c1 49 ff c0 48 ff c0 49 3b c2 7c c7 48 8b
0x00007ffc7cef925b:   1c 24 48 83 c4 08 c3 cc cc cc cc cc cc cc cc cc
0x00007ffc7cef926b:   cc cc cc cc cc 48 83 ec 28 48 8b 91 d0 02 00 00
0x00007ffc7cef927b:   48 8b 42 10 8b 4a 20 4c 8d 04 c8 49 3b c0 73 1c
0x00007ffc7cef928b:   0f 1f 44 00 00 48 8b 10 8b 4a 2c 83 e1 0f 80 f9
0x00007ffc7cef929b:   09 74 33 48 83 c0 08 49 3b c0 72 e9 4c 8d 0d 4a
0x00007ffc7cef92ab:   8a 72 00 41 b8 50 04 00 00 48 8d 15 5d 8a 72 00
0x00007ffc7cef92bb:   b9 00 00 00 e0 e8 1b 39 02 00 e8 26 53 46 00 33
0x00007ffc7cef92cb:   c0 48 83 c4 28 c3 48 8b c2 48 83 c4 28 c3 cc cc
0x00007ffc7cef92db:   cc cc cc cc cc 48 89 5c 24 08 48 89 6c 24 10 48
0x00007ffc7cef92eb:   89 74 24 18 48 89 7c 24 20 41 56 48 83 ec 20 48
0x00007ffc7cef92fb:   3b 15 b7 3d 96 00 49 8b f0 48 8b fa 48 8b e9 0f
0x00007ffc7cef930b:   84 18 01 00 00 48 8b 02 48 8b ca 48 8b da 4d 8b
0x00007ffc7cef931b:   f0 ff 50 58 84 c0 74 0b 48 8b cb e8 85 c7 f9 ff
0x00007ffc7cef932b:   48 8b d8 48 8b 0e 48 8b 51 58 48 8b ce ff d2 84
0x00007ffc7cef933b:   c0 74 0b 48 8b ce e8 6a c7 f9 ff 4c 8b f0 48 8b
0x00007ffc7cef934b:   0e 48 8b 91 b8 00 00 00 48 8b ce ff d2 84 c0 75
0x00007ffc7cef935b:   60 48 8b d7 48 8b ce e8 f9 5b fa ff 84 c0 0f 85
0x00007ffc7cef936b:   b9 00 00 00 48 8b 03 48 8b cb ff 50 48 84 c0 74 


Stack slot to memory mapping:
stack at sp + 0 slots: 0x0 is NULL
stack at sp + 1 slots: 0x0 is NULL
stack at sp + 2 slots: 0x0 is NULL
stack at sp + 3 slots: 0x0000001dc0dfb5b0 is pointing into the stack for thread: 0x000002161cd94ab0
stack at sp + 4 slots: 0x0000021607145a10 points into unknown readable memory: 0x00007ffc7d5f9998 | 98 99 5f 7d fc 7f 00 00
stack at sp + 5 slots: 0x00007ffc7d2852ab jvm.dll
stack at sp + 6 slots: 0x0000001dc0dff080 is pointing into the stack for thread: 0x000002161cd94ab0
stack at sp + 7 slots: 0x000002161c200b70 points into unknown readable memory: 0x00007ffc7d6af6e8 | e8 f6 6a 7d fc 7f 00 00


---------------  P R O C E S S  ---------------

Threads class SMR info:
_java_thread_list=0x000002161240df60, length=332, elements={
0x00000215a68e92b0, 0x00000215c5cee940, 0x00000215c5cef410, 0x00000215c5d07e50,
0x00000215c5d0c740, 0x00000215c5d0d010, 0x00000215c5d0d8e0, 0x00000215c5d0e4e0,
0x00000215c5d10e00, 0x00000215c5d11710, 0x00000216071f0870, 0x0000021607341300,
0x000002160d886780, 0x000002160d061d20, 0x000002160d3ec830, 0x000002160da0b840,
0x000002160da094d0, 0x000002160da09ef0, 0x000002160da08090, 0x000002160da08ab0,
0x000002160fb9eae0, 0x000002160fba0430, 0x000002160fb9fa10, 0x000002160fb9f500,
0x000002160fb9e5d0, 0x000002160fb9ff20, 0x000002160fb9e0c0, 0x000002160fb9d6a0,
0x000002160fb9dbb0, 0x000002160fba0940, 0x000002160fb9d190, 0x000002160fba1870,
0x000002160fb9eff0, 0x000002160fba4600, 0x000002160fba40f0, 0x000002160fba2cb0,
0x000002160fba3be0, 0x000002160fba0e50, 0x000002160fba27a0, 0x000002160fba31c0,
0x000002160fba4b10, 0x000002160e97b6a0, 0x000002160e470c90, 0x00000216075c8500,
0x00000216129c1e10, 0x000002161c2782a0, 0x000002161c275f30, 0x000002161c276440,
0x000002161c274af0, 0x000002161c271d60, 0x0000021619865350, 0x000002160cbd5a20,
0x00000216192f0f90, 0x00000216148ae3d0, 0x000002162a7d42d0, 0x000002162e7fa460,
0x0000021611d75d60, 0x000002161c38bae0, 0x000002161c5055e0, 0x0000021619a2e310,
0x0000021619a2e820, 0x0000021613b1aad0, 0x0000021613b1b4f0, 0x0000021613b19180,
0x000002161482a3c0, 0x000002161482b2f0, 0x000002161482d150, 0x000002161482c220,
0x00000216148299a0, 0x000002161482ade0, 0x0000021614829eb0, 0x000002161482b800,
0x000002161482bd10, 0x000002161482cc40, 0x000002161482c730, 0x00000216144ef2c0,
0x00000216144ec530, 0x00000216144ecf50, 0x00000216144ec020, 0x00000216144ef7d0,
0x00000216144ed460, 0x00000216144eca40, 0x00000216144ed970, 0x00000216144eedb0,
0x00000216144ede80, 0x00000216144ee390, 0x00000216144ee8a0, 0x000002162fe9ef60,
0x000002162fe9db20, 0x000002162fe9e540, 0x000002162fe9e030, 0x000002162fea03a0,
0x000002162fe9ea50, 0x000002162fe9f470, 0x000002162fe9f980, 0x000002162fe9cbf0,
0x000002162fe9fe90, 0x000002162fe9d100, 0x000002162fe9d610, 0x000002161c62ce80,
0x000002161c62fc10, 0x000002161c62f700, 0x000002161c62d390, 0x000002161c62f1f0,
0x000002161c62e2c0, 0x000002161c62ddb0, 0x000002161c630120, 0x000002161c630630,
0x000002161c62d8a0, 0x000002161c62e7d0, 0x000002161c62ece0, 0x000002161ce794a0,
0x000002161ce76200, 0x000002161ce77b50, 0x000002161ce77130, 0x0000021611d776b0,
0x0000021611d76780, 0x0000021611d771a0, 0x0000021611d785e0, 0x0000021611d76c90,
0x0000021611d77bc0, 0x0000021611d74e30, 0x0000021611d780d0, 0x0000021611d75340,
0x0000021611d75850, 0x000002160cbd5f30, 0x0000021614000120, 0x000002160cbd6440,
0x000002160cbd6e60, 0x0000021612570550, 0x000002161256ec00, 0x000002161256d7c0,
0x000002161256e6f0, 0x000002161256e1e0, 0x0000021612570040, 0x000002161d3e6620,
0x000002161d3e56f0, 0x000002161d3e5c00, 0x000002161d3e51e0, 0x000002161ca58670,
0x000002162a2851b0, 0x000002162a2865f0, 0x000002162a283350, 0x000002162a2856c0,
0x000002162a283860, 0x000002162a283d70, 0x000002162a284ca0, 0x000002162a284280,
0x000002162a2860e0, 0x000002162a284790, 0x0000021613b1a0b0, 0x0000021613b1bf10,
0x0000021613b18c70, 0x0000021613b1c420, 0x000002161ce77640, 0x000002161ce76710,
0x000002161ce799b0, 0x000002161ce76c20, 0x000002161ce78060, 0x000002161ce78570,
0x000002161ce78a80, 0x000002161ca59ab0, 0x000002161ca58b80, 0x000002161ca59fc0,
0x000002161ca58160, 0x000002161ca59090, 0x000002161ca595a0, 0x000002161ca5a4d0,
0x000002161ca5a9e0, 0x000002161ca5aef0, 0x000002161b37ee50, 0x000002161b37f360,
0x000002161b37fd80, 0x0000021612928be0, 0x0000021612929b10, 0x000002161292b460,
0x000002161292b970, 0x000002161292be80, 0x000002161292af50, 0x00000216129290f0,
0x00000216129286d0, 0x000002161292a530, 0x000002161aae3010, 0x000002161aae3f40,
0x000002161aae0790, 0x000002161aae0ca0, 0x000002161aae3a30, 0x0000021620405d10,
0x0000021620406730, 0x00000216204048d0, 0x0000021620407150, 0x0000021620406220,
0x0000021620406c40, 0x0000021620404de0, 0x0000021620407660, 0x0000021620403eb0,
0x00000216204052f0, 0x0000021620405800, 0x000002160e8f8560, 0x000002162a7d3dc0,
0x000002162a7d4cf0, 0x000002162a7d5710, 0x00000216148acf90, 0x000002161b1f01f0,
0x000002161b1f0700, 0x000002161b1f1630, 0x000002161b1f0c10, 0x000002161b1f1b40,
0x000002161c2fd950, 0x000002161c2fc510, 0x000002161c2fd440, 0x000002161c2fde60,
0x000002161c2fca20, 0x000002161e6768f0, 0x000002161e675ed0, 0x000002161c38b0c0,
0x000002161c38c500, 0x000002161c38a6a0, 0x000002161c38abb0, 0x000002161c38ca10,
0x000002161c389770, 0x000002161d653890, 0x000002161d653da0, 0x000002161d652e70,
0x000002161d653380, 0x0000021612ad8910, 0x0000021612ada260, 0x0000021612adb6a0,
0x0000021612adb190, 0x0000021612adc0c0, 0x0000021612ada770, 0x0000021612adbbb0,
0x0000021612ad8e20, 0x0000021612ad9330, 0x000002161fdbff50, 0x000002161fdbfa40,
0x000002161c2fcf30, 0x000002161e6707f0, 0x000002161e671210, 0x000002161e673a90,
0x000002161c389c80, 0x000002161dee4820, 0x000002161dee29c0, 0x000002161dee3e00,
0x000002161dee33e0, 0x000002161dee4310, 0x000002161dee4d30, 0x000002161dee5240,
0x0000021619864e40, 0x0000021621535050, 0x0000021621533700, 0x0000021621534120,
0x000002161aabded0, 0x000002161aabca90, 0x000002161aabd9c0, 0x000002161aae16c0,
0x000002161e673580, 0x000002161e672b60, 0x000002161e670d00, 0x000002161aabe3e0,
0x000002161aabc070, 0x000002161aabac30, 0x000002161aabb140, 0x000002161aabb650,
0x000002161aabcfa0, 0x0000021611fd0ea0, 0x0000021611fd3c30, 0x0000021611fd18c0,
0x0000021611fd3720, 0x0000021611fd1dd0, 0x0000021611fd22e0, 0x0000021611fd2d00,
0x0000021611fd27f0, 0x0000021611fd3210, 0x000002160c7e3660, 0x000002160c7e4fb0,
0x000002160c7e3150, 0x000002160c7e4590, 0x000002162a7d2e90, 0x000002162a7d5c20,
0x000002162a7d6130, 0x000002162a7d5200, 0x000002162a7d2980, 0x000002162a7d33a0,
0x000002162a7d47e0, 0x000002162a7d38b0, 0x0000021619bc7310, 0x0000021612ad9840,
0x0000021612ad9d50, 0x0000021612adac80, 0x000002162f7c83a0, 0x000002162f7c97e0,
0x000002162f7c92d0, 0x000002162f7c7e90, 0x000002162f7c8dc0, 0x000002162f7c9cf0,
0x000002162f7c88b0, 0x000002160e8f8a70, 0x000002160ee8cd90, 0x000002160ee8c880,
0x000002160ee89af0, 0x000002160ee8af30, 0x000002160ee8d7b0, 0x000002161aae1bd0,
0x000002161aae25f0, 0x000002161aae2b00, 0x000002161aae3520, 0x000002161eed56b0,
0x000002161eed65e0, 0x000002161eed60d0, 0x000002161eed5bc0, 0x00000216192f14a0,
0x00000216192f19b0, 0x00000216192f3300, 0x00000216192f1ec0, 0x00000216192f3810,
0x00000216192f0060, 0x000002161256f620, 0x000002161256fb30, 0x000002161256d2b0,
0x000002160e8f8f80, 0x000002160e8f7630, 0x000002161256f110, 0x000002161e673fa0,
0x000002161e671720, 0x0000021619d61af0, 0x000002161cd94ab0, 0x0000021632ad74a0,
0x0000021632ad64b0, 0x0000021632ad79f0, 0x000002161d362a60, 0x000002161d363500
}

Java Threads: ( => current thread )
  0x00000215a68e92b0 JavaThread "main" [_thread_blocked, id=40720, stack(0x0000001dab500000,0x0000001dab600000)]
  0x00000215c5cee940 JavaThread "Reference Handler" daemon [_thread_blocked, id=3624, stack(0x0000001dabc00000,0x0000001dabd00000)]
  0x00000215c5cef410 JavaThread "Finalizer" daemon [_thread_blocked, id=24444, stack(0x0000001dabd00000,0x0000001dabe00000)]
  0x00000215c5d07e50 JavaThread "Signal Dispatcher" daemon [_thread_blocked, id=38656, stack(0x0000001dabe00000,0x0000001dabf00000)]
  0x00000215c5d0c740 JavaThread "Attach Listener" daemon [_thread_blocked, id=39740, stack(0x0000001dabf00000,0x0000001dac000000)]
  0x00000215c5d0d010 JavaThread "Service Thread" daemon [_thread_blocked, id=17104, stack(0x0000001dac000000,0x0000001dac100000)]
  0x00000215c5d0d8e0 JavaThread "Monitor Deflation Thread" daemon [_thread_blocked, id=35812, stack(0x0000001dac100000,0x0000001dac200000)]
  0x00000215c5d0e4e0 JavaThread "C2 CompilerThread0" daemon [_thread_in_native, id=10600, stack(0x0000001dac200000,0x0000001dac300000)]
  0x00000215c5d10e00 JavaThread "C1 CompilerThread0" daemon [_thread_blocked, id=22924, stack(0x0000001dac300000,0x0000001dac400000)]
  0x00000215c5d11710 JavaThread "Sweeper thread" daemon [_thread_blocked, id=30092, stack(0x0000001dac400000,0x0000001dac500000)]
  0x00000216071f0870 JavaThread "Common-Cleaner" daemon [_thread_blocked, id=13212, stack(0x0000001dac500000,0x0000001dac600000)]
  0x0000021607341300 JavaThread "Notification Thread" daemon [_thread_blocked, id=26468, stack(0x0000001daca00000,0x0000001dacb00000)]
  0x000002160d886780 JavaThread "Daemon health stats" [_thread_blocked, id=38792, stack(0x0000001dace00000,0x0000001dacf00000)]
  0x000002160d061d20 JavaThread "Incoming local TCP Connector on port 49850" [_thread_in_native, id=37104, stack(0x0000001dacc00000,0x0000001dacd00000)]
  0x000002160d3ec830 JavaThread "Daemon periodic checks" [_thread_blocked, id=24392, stack(0x0000001dacd00000,0x0000001dace00000)]
  0x000002160da0b840 JavaThread "Cache worker for journal cache (C:\Users\mrtha\.gradle\caches\journal-1)" [_thread_blocked, id=39600, stack(0x0000001dadb00000,0x0000001dadc00000)]
  0x000002160da094d0 JavaThread "File lock request listener" [_thread_in_native, id=35304, stack(0x0000001dadc00000,0x0000001dadd00000)]
  0x000002160da09ef0 JavaThread "Cache worker for file hash cache (C:\Users\mrtha\.gradle\caches\8.11.1\fileHashes)" [_thread_in_native, id=26604, stack(0x0000001dadd00000,0x0000001dade00000)]
  0x000002160da08090 JavaThread "Cache worker for file content cache (C:\Users\mrtha\.gradle\caches\8.11.1\fileContent)" [_thread_blocked, id=3800, stack(0x0000001dade00000,0x0000001dadf00000)]
  0x000002160da08ab0 JavaThread "File watcher server" daemon [_thread_in_native, id=22652, stack(0x0000001dac900000,0x0000001daca00000)]
  0x000002160fb9eae0 JavaThread "File watcher consumer" daemon [_thread_blocked, id=24612, stack(0x0000001dadf00000,0x0000001dae000000)]
  0x000002160fba0430 JavaThread "jar transforms" [_thread_blocked, id=18100, stack(0x0000001daf000000,0x0000001daf100000)]
  0x000002160fb9fa10 JavaThread "jar transforms Thread 2" [_thread_blocked, id=36552, stack(0x0000001daf100000,0x0000001daf200000)]
  0x000002160fb9f500 JavaThread "jar transforms Thread 3" [_thread_blocked, id=21760, stack(0x0000001daf200000,0x0000001daf300000)]
  0x000002160fb9e5d0 JavaThread "jar transforms Thread 4" [_thread_blocked, id=34636, stack(0x0000001daf300000,0x0000001daf400000)]
  0x000002160fb9ff20 JavaThread "jar transforms Thread 5" [_thread_blocked, id=26584, stack(0x0000001daf400000,0x0000001daf500000)]
  0x000002160fb9e0c0 JavaThread "jar transforms Thread 6" [_thread_blocked, id=17692, stack(0x0000001daf500000,0x0000001daf600000)]
  0x000002160fb9d6a0 JavaThread "jar transforms Thread 7" [_thread_blocked, id=21120, stack(0x0000001daf600000,0x0000001daf700000)]
  0x000002160fb9dbb0 JavaThread "jar transforms Thread 8" [_thread_blocked, id=16148, stack(0x0000001daf700000,0x0000001daf800000)]
  0x000002160fba0940 JavaThread "jar transforms Thread 9" [_thread_blocked, id=22284, stack(0x0000001daf800000,0x0000001daf900000)]
  0x000002160fb9d190 JavaThread "jar transforms Thread 10" [_thread_blocked, id=22008, stack(0x0000001daf900000,0x0000001dafa00000)]
  0x000002160fba1870 JavaThread "jar transforms Thread 11" [_thread_blocked, id=21792, stack(0x0000001dafa00000,0x0000001dafb00000)]
  0x000002160fb9eff0 JavaThread "jar transforms Thread 12" [_thread_blocked, id=6768, stack(0x0000001dafb00000,0x0000001dafc00000)]
  0x000002160fba4600 JavaThread "jar transforms Thread 13" [_thread_blocked, id=8948, stack(0x0000001dafc00000,0x0000001dafd00000)]
  0x000002160fba40f0 JavaThread "jar transforms Thread 14" [_thread_blocked, id=36412, stack(0x0000001dafd00000,0x0000001dafe00000)]
  0x000002160fba2cb0 JavaThread "jar transforms Thread 15" [_thread_blocked, id=28024, stack(0x0000001dafe00000,0x0000001daff00000)]
  0x000002160fba3be0 JavaThread "jar transforms Thread 16" [_thread_blocked, id=10192, stack(0x0000001daff00000,0x0000001db0000000)]
  0x000002160fba0e50 JavaThread "jar transforms Thread 17" [_thread_blocked, id=28032, stack(0x0000001db0000000,0x0000001db0100000)]
  0x000002160fba27a0 JavaThread "jar transforms Thread 18" [_thread_blocked, id=7160, stack(0x0000001db0100000,0x0000001db0200000)]
  0x000002160fba31c0 JavaThread "jar transforms Thread 19" [_thread_blocked, id=35128, stack(0x0000001db0200000,0x0000001db0300000)]
  0x000002160fba4b10 JavaThread "jar transforms Thread 20" [_thread_blocked, id=11652, stack(0x0000001db0300000,0x0000001db0400000)]
  0x000002160e97b6a0 JavaThread "Memory manager" [_thread_blocked, id=3944, stack(0x0000001db2d00000,0x0000001db2e00000)]
  0x000002160e470c90 JavaThread "pool-3-thread-1" [_thread_blocked, id=31784, stack(0x0000001db5600000,0x0000001db5700000)]
  0x00000216075c8500 JavaThread "pool-6-thread-1" [_thread_blocked, id=13336, stack(0x0000001db3e00000,0x0000001db3f00000)]
  0x00000216129c1e10 JavaThread "pool-9-thread-1" [_thread_blocked, id=33036, stack(0x0000001db3200000,0x0000001db3300000)]
  0x000002161c2782a0 JavaThread "RMI Scheduler(0)" daemon [_thread_blocked, id=13008, stack(0x0000001dbf400000,0x0000001dbf500000)]
  0x000002161c275f30 JavaThread "RMI GC Daemon" daemon [_thread_blocked, id=22664, stack(0x0000001dbf600000,0x0000001dbf700000)]
  0x000002161c276440 JavaThread "RMI TCP Accept-0" daemon [_thread_in_native, id=20964, stack(0x0000001dbf700000,0x0000001dbf800000)]
  0x000002161c274af0 JavaThread "RMI Reaper" [_thread_blocked, id=34980, stack(0x0000001dbf800000,0x0000001dbf900000)]
  0x000002161c271d60 JavaThread "pool-13-thread-1" [_thread_blocked, id=32984, stack(0x0000001db3d00000,0x0000001db3e00000)]
  0x0000021619865350 JavaThread "pool-17-thread-1" [_thread_blocked, id=11996, stack(0x0000001db3a00000,0x0000001db3b00000)]
  0x000002160cbd5a20 JavaThread "pool-24-thread-1" [_thread_blocked, id=21056, stack(0x0000001db4200000,0x0000001db4300000)]
  0x00000216192f0f90 JavaThread "pool-27-thread-1" [_thread_blocked, id=13540, stack(0x0000001db2e00000,0x0000001db2f00000)]
  0x00000216148ae3d0 JavaThread "pool-30-thread-1" [_thread_blocked, id=3780, stack(0x0000001db3300000,0x0000001db3400000)]
  0x000002162a7d42d0 JavaThread "pool-33-thread-1" [_thread_blocked, id=22220, stack(0x0000001db3000000,0x0000001db3100000)]
  0x000002162e7fa460 JavaThread "pool-36-thread-1" [_thread_blocked, id=28960, stack(0x0000001db3600000,0x0000001db3700000)]
  0x0000021611d75d60 JavaThread "RMI TCP Accept-0" daemon [_thread_in_native, id=14456, stack(0x0000001dbfd00000,0x0000001dbfe00000)]
  0x000002161c38bae0 JavaThread "Daemon Thread 10" [_thread_blocked, id=22264, stack(0x0000001dab200000,0x0000001dab300000)]
  0x000002161c5055e0 JavaThread "Daemon worker Thread 9" [_thread_blocked, id=35208, stack(0x0000001dac600000,0x0000001dac700000)]
  0x0000021619a2e310 JavaThread "pool-40-thread-1" [_thread_blocked, id=12252, stack(0x0000001db4800000,0x0000001db4900000)]
  0x0000021619a2e820 JavaThread "included builds" [_thread_blocked, id=4116, stack(0x0000001db4900000,0x0000001db4a00000)]
  0x0000021613b1aad0 JavaThread "VFS cleanup Thread 9" [_thread_blocked, id=6512, stack(0x0000001dac700000,0x0000001dac800000)]
  0x0000021613b1b4f0 JavaThread "Handler for socket connection from /127.0.0.1:49850 to /127.0.0.1:62536" [_thread_in_native, id=17748, stack(0x0000001dab300000,0x0000001dab400000)]
  0x0000021613b19180 JavaThread "Cancel handler" [_thread_blocked, id=3584, stack(0x0000001dab400000,0x0000001dab500000)]
  0x000002161482a3c0 JavaThread "Asynchronous log dispatcher for DefaultDaemonConnection: socket connection from /127.0.0.1:49850 to /127.0.0.1:62536" [_thread_blocked, id=4856, stack(0x0000001dac800000,0x0000001dac900000)]
  0x000002161482b2f0 JavaThread "Stdin handler" [_thread_blocked, id=37788, stack(0x0000001dacf00000,0x0000001dad000000)]
  0x000002161482d150 JavaThread "Daemon client event forwarder" [_thread_blocked, id=23404, stack(0x0000001dad500000,0x0000001dad600000)]
  0x000002161482c220 JavaThread "Cache worker for file hash cache (D:\AndroidRep-main\.gradle\8.11.1\fileHashes)" [_thread_blocked, id=20056, stack(0x0000001dad600000,0x0000001dad700000)]
  0x00000216148299a0 JavaThread "Cache worker for Build Output Cleanup Cache (D:\AndroidRep-main\.gradle\buildOutputCleanup)" [_thread_blocked, id=40372, stack(0x0000001dad700000,0x0000001dad800000)]
  0x000002161482ade0 JavaThread "Cache worker for checksums cache (D:\AndroidRep-main\.gradle\8.11.1\checksums)" [_thread_blocked, id=24604, stack(0x0000001dad800000,0x0000001dad900000)]
  0x0000021614829eb0 JavaThread "Cache worker for cache directory md-rule (C:\Users\mrtha\.gradle\caches\8.11.1\md-rule)" [_thread_blocked, id=7876, stack(0x0000001dad900000,0x0000001dada00000)]
  0x000002161482b800 JavaThread "Cache worker for cache directory md-supplier (C:\Users\mrtha\.gradle\caches\8.11.1\md-supplier)" [_thread_blocked, id=39328, stack(0x0000001dada00000,0x0000001dadb00000)]
  0x000002161482bd10 JavaThread "Unconstrained build operations" [_thread_blocked, id=14832, stack(0x0000001dae000000,0x0000001dae100000)]
  0x000002161482cc40 JavaThread "Unconstrained build operations Thread 2" [_thread_blocked, id=28576, stack(0x0000001dae100000,0x0000001dae200000)]
  0x000002161482c730 JavaThread "Unconstrained build operations Thread 3" [_thread_blocked, id=31304, stack(0x0000001dae200000,0x0000001dae300000)]
  0x00000216144ef2c0 JavaThread "Unconstrained build operations Thread 4" [_thread_blocked, id=11152, stack(0x0000001daef00000,0x0000001daf000000)]
  0x00000216144ec530 JavaThread "Unconstrained build operations Thread 5" [_thread_blocked, id=26844, stack(0x0000001db0400000,0x0000001db0500000)]
  0x00000216144ecf50 JavaThread "Unconstrained build operations Thread 6" [_thread_blocked, id=22272, stack(0x0000001db0500000,0x0000001db0600000)]
  0x00000216144ec020 JavaThread "Unconstrained build operations Thread 7" [_thread_blocked, id=18984, stack(0x0000001db0600000,0x0000001db0700000)]
  0x00000216144ef7d0 JavaThread "Unconstrained build operations Thread 8" [_thread_blocked, id=40704, stack(0x0000001db0700000,0x0000001db0800000)]
  0x00000216144ed460 JavaThread "Unconstrained build operations Thread 9" [_thread_blocked, id=31044, stack(0x0000001db0800000,0x0000001db0900000)]
  0x00000216144eca40 JavaThread "Unconstrained build operations Thread 10" [_thread_blocked, id=24700, stack(0x0000001db0900000,0x0000001db0a00000)]
  0x00000216144ed970 JavaThread "Unconstrained build operations Thread 11" [_thread_blocked, id=17928, stack(0x0000001db0a00000,0x0000001db0b00000)]
  0x00000216144eedb0 JavaThread "Unconstrained build operations Thread 12" [_thread_blocked, id=33308, stack(0x0000001db0b00000,0x0000001db0c00000)]
  0x00000216144ede80 JavaThread "Unconstrained build operations Thread 13" [_thread_blocked, id=20872, stack(0x0000001db0c00000,0x0000001db0d00000)]
  0x00000216144ee390 JavaThread "Unconstrained build operations Thread 14" [_thread_blocked, id=6928, stack(0x0000001db0d00000,0x0000001db0e00000)]
  0x00000216144ee8a0 JavaThread "Unconstrained build operations Thread 15" [_thread_blocked, id=27828, stack(0x0000001db0e00000,0x0000001db0f00000)]
  0x000002162fe9ef60 JavaThread "Unconstrained build operations Thread 16" [_thread_blocked, id=16052, stack(0x0000001db0f00000,0x0000001db1000000)]
  0x000002162fe9db20 JavaThread "Unconstrained build operations Thread 17" [_thread_blocked, id=15884, stack(0x0000001db1000000,0x0000001db1100000)]
  0x000002162fe9e540 JavaThread "Unconstrained build operations Thread 18" [_thread_blocked, id=39436, stack(0x0000001db1100000,0x0000001db1200000)]
  0x000002162fe9e030 JavaThread "Unconstrained build operations Thread 19" [_thread_blocked, id=34428, stack(0x0000001db1300000,0x0000001db1400000)]
  0x000002162fea03a0 JavaThread "Unconstrained build operations Thread 20" [_thread_blocked, id=30956, stack(0x0000001db1400000,0x0000001db1500000)]
  0x000002162fe9ea50 JavaThread "Unconstrained build operations Thread 21" [_thread_blocked, id=32968, stack(0x0000001db1500000,0x0000001db1600000)]
  0x000002162fe9f470 JavaThread "Unconstrained build operations Thread 22" [_thread_blocked, id=13672, stack(0x0000001db1600000,0x0000001db1700000)]
  0x000002162fe9f980 JavaThread "Unconstrained build operations Thread 23" [_thread_blocked, id=5648, stack(0x0000001db1700000,0x0000001db1800000)]
  0x000002162fe9cbf0 JavaThread "Unconstrained build operations Thread 24" [_thread_blocked, id=504, stack(0x0000001db1800000,0x0000001db1900000)]
  0x000002162fe9fe90 JavaThread "Unconstrained build operations Thread 25" [_thread_blocked, id=31072, stack(0x0000001db1900000,0x0000001db1a00000)]
  0x000002162fe9d100 JavaThread "Unconstrained build operations Thread 26" [_thread_blocked, id=28148, stack(0x0000001db1a00000,0x0000001db1b00000)]
  0x000002162fe9d610 JavaThread "Unconstrained build operations Thread 27" [_thread_blocked, id=39976, stack(0x0000001db1b00000,0x0000001db1c00000)]
  0x000002161c62ce80 JavaThread "Unconstrained build operations Thread 28" [_thread_blocked, id=7656, stack(0x0000001db1c00000,0x0000001db1d00000)]
  0x000002161c62fc10 JavaThread "Unconstrained build operations Thread 29" [_thread_blocked, id=21516, stack(0x0000001db1d00000,0x0000001db1e00000)]
  0x000002161c62f700 JavaThread "Unconstrained build operations Thread 30" [_thread_blocked, id=34436, stack(0x0000001db1e00000,0x0000001db1f00000)]
  0x000002161c62d390 JavaThread "Unconstrained build operations Thread 31" [_thread_blocked, id=31088, stack(0x0000001db1f00000,0x0000001db2000000)]
  0x000002161c62f1f0 JavaThread "Unconstrained build operations Thread 32" [_thread_blocked, id=24968, stack(0x0000001db2000000,0x0000001db2100000)]
  0x000002161c62e2c0 JavaThread "Unconstrained build operations Thread 33" [_thread_blocked, id=12816, stack(0x0000001db2100000,0x0000001db2200000)]
  0x000002161c62ddb0 JavaThread "Unconstrained build operations Thread 34" [_thread_blocked, id=24328, stack(0x0000001db2200000,0x0000001db2300000)]
  0x000002161c630120 JavaThread "Unconstrained build operations Thread 35" [_thread_blocked, id=24288, stack(0x0000001db2300000,0x0000001db2400000)]
  0x000002161c630630 JavaThread "Unconstrained build operations Thread 36" [_thread_blocked, id=25772, stack(0x0000001db2400000,0x0000001db2500000)]
  0x000002161c62d8a0 JavaThread "Unconstrained build operations Thread 37" [_thread_blocked, id=27220, stack(0x0000001db2500000,0x0000001db2600000)]
  0x000002161c62e7d0 JavaThread "Unconstrained build operations Thread 38" [_thread_blocked, id=20348, stack(0x0000001db2600000,0x0000001db2700000)]
  0x000002161c62ece0 JavaThread "build event listener" [_thread_blocked, id=29208, stack(0x0000001db2700000,0x0000001db2800000)]
  0x000002161ce794a0 JavaThread "build event listener" [_thread_blocked, id=8144, stack(0x0000001db2900000,0x0000001db2a00000)]
  0x000002161ce76200 JavaThread "pool-43-thread-1" [_thread_blocked, id=22324, stack(0x0000001db2c00000,0x0000001db2d00000)]
  0x000002161ce77b50 JavaThread "build event listener" [_thread_blocked, id=8376, stack(0x0000001db2f00000,0x0000001db3000000)]
  0x000002161ce77130 JavaThread "included builds" [_thread_blocked, id=21012, stack(0x0000001db3100000,0x0000001db3200000)]
  0x0000021611d776b0 JavaThread "Execution worker" [_thread_blocked, id=22232, stack(0x0000001db3400000,0x0000001db3500000)]
  0x0000021611d76780 JavaThread "Execution worker Thread 2" [_thread_blocked, id=21356, stack(0x0000001db3500000,0x0000001db3600000)]
  0x0000021611d771a0 JavaThread "Execution worker Thread 3" [_thread_blocked, id=4924, stack(0x0000001db3700000,0x0000001db3800000)]
  0x0000021611d785e0 JavaThread "Execution worker Thread 4" [_thread_blocked, id=16388, stack(0x0000001db3800000,0x0000001db3900000)]
  0x0000021611d76c90 JavaThread "Execution worker Thread 5" [_thread_blocked, id=34648, stack(0x0000001db3900000,0x0000001db3a00000)]
  0x0000021611d77bc0 JavaThread "Execution worker Thread 6" [_thread_blocked, id=31664, stack(0x0000001db3b00000,0x0000001db3c00000)]
  0x0000021611d74e30 JavaThread "Execution worker Thread 7" [_thread_blocked, id=34384, stack(0x0000001db3c00000,0x0000001db3d00000)]
  0x0000021611d780d0 JavaThread "Execution worker Thread 8" [_thread_blocked, id=25228, stack(0x0000001db3f00000,0x0000001db4000000)]
  0x0000021611d75340 JavaThread "Execution worker Thread 9" [_thread_blocked, id=21096, stack(0x0000001db4000000,0x0000001db4100000)]
  0x0000021611d75850 JavaThread "Execution worker Thread 10" [_thread_blocked, id=22308, stack(0x0000001db4100000,0x0000001db4200000)]
  0x000002160cbd5f30 JavaThread "Execution worker Thread 11" [_thread_blocked, id=40784, stack(0x0000001db4300000,0x0000001db4400000)]
  0x0000021614000120 JavaThread "Cache worker for execution history cache (D:\AndroidRep-main\.gradle\8.11.1\executionHistory)" [_thread_blocked, id=13556, stack(0x0000001db4400000,0x0000001db4500000)]
  0x000002160cbd6440 JavaThread "Execution worker Thread 12" [_thread_blocked, id=39400, stack(0x0000001db4500000,0x0000001db4600000)]
  0x000002160cbd6e60 JavaThread "Execution worker Thread 13" [_thread_blocked, id=16524, stack(0x0000001db4600000,0x0000001db4700000)]
  0x0000021612570550 JavaThread "Execution worker Thread 14" [_thread_blocked, id=12296, stack(0x0000001db4700000,0x0000001db4800000)]
  0x000002161256ec00 JavaThread "Execution worker Thread 15" [_thread_blocked, id=936, stack(0x0000001db4a00000,0x0000001db4b00000)]
  0x000002161256d7c0 JavaThread "Execution worker Thread 16" [_thread_blocked, id=3648, stack(0x0000001db4b00000,0x0000001db4c00000)]
  0x000002161256e6f0 JavaThread "Execution worker Thread 17" [_thread_blocked, id=1592, stack(0x0000001db4c00000,0x0000001db4d00000)]
  0x000002161256e1e0 JavaThread "Execution worker Thread 18" [_thread_blocked, id=1840, stack(0x0000001db4d00000,0x0000001db4e00000)]
  0x0000021612570040 JavaThread "Execution worker Thread 19" [_thread_blocked, id=11964, stack(0x0000001db4e00000,0x0000001db4f00000)]
  0x000002161d3e6620 JavaThread "Unconstrained build operations Thread 39" [_thread_blocked, id=27000, stack(0x0000001db4f00000,0x0000001db5000000)]
  0x000002161d3e56f0 JavaThread "Unconstrained build operations Thread 40" [_thread_blocked, id=27844, stack(0x0000001db5000000,0x0000001db5100000)]
  0x000002161d3e5c00 JavaThread "Unconstrained build operations Thread 41" [_thread_blocked, id=25284, stack(0x0000001db5100000,0x0000001db5200000)]
  0x000002161d3e51e0 JavaThread "Unconstrained build operations Thread 42" [_thread_blocked, id=35696, stack(0x0000001db5200000,0x0000001db5300000)]
  0x000002161ca58670 JavaThread "Unconstrained build operations Thread 43" [_thread_blocked, id=34736, stack(0x0000001db5300000,0x0000001db5400000)]
  0x000002162a2851b0 JavaThread "Unconstrained build operations Thread 44" [_thread_blocked, id=28764, stack(0x0000001db5400000,0x0000001db5500000)]
  0x000002162a2865f0 JavaThread "Unconstrained build operations Thread 45" [_thread_blocked, id=27424, stack(0x0000001db5500000,0x0000001db5600000)]
  0x000002162a283350 JavaThread "Unconstrained build operations Thread 46" [_thread_blocked, id=22516, stack(0x0000001db5700000,0x0000001db5800000)]
  0x000002162a2856c0 JavaThread "Unconstrained build operations Thread 47" [_thread_blocked, id=19816, stack(0x0000001db5800000,0x0000001db5900000)]
  0x000002162a283860 JavaThread "Unconstrained build operations Thread 48" [_thread_blocked, id=24756, stack(0x0000001db5900000,0x0000001db5a00000)]
  0x000002162a283d70 JavaThread "Unconstrained build operations Thread 49" [_thread_blocked, id=12336, stack(0x0000001db5a00000,0x0000001db5b00000)]
  0x000002162a284ca0 JavaThread "Unconstrained build operations Thread 50" [_thread_blocked, id=18804, stack(0x0000001db5b00000,0x0000001db5c00000)]
  0x000002162a284280 JavaThread "Unconstrained build operations Thread 51" [_thread_blocked, id=13164, stack(0x0000001db5c00000,0x0000001db5d00000)]
  0x000002162a2860e0 JavaThread "Unconstrained build operations Thread 52" [_thread_blocked, id=4088, stack(0x0000001db5d00000,0x0000001db5e00000)]
  0x000002162a284790 JavaThread "Unconstrained build operations Thread 53" [_thread_blocked, id=19900, stack(0x0000001db5e00000,0x0000001db5f00000)]
  0x0000021613b1a0b0 JavaThread "Unconstrained build operations Thread 54" [_thread_blocked, id=32544, stack(0x0000001db5f00000,0x0000001db6000000)]
  0x0000021613b1bf10 JavaThread "Unconstrained build operations Thread 55" [_thread_blocked, id=20484, stack(0x0000001db6000000,0x0000001db6100000)]
  0x0000021613b18c70 JavaThread "Unconstrained build operations Thread 56" [_thread_blocked, id=15596, stack(0x0000001db6100000,0x0000001db6200000)]
  0x0000021613b1c420 JavaThread "Unconstrained build operations Thread 57" [_thread_blocked, id=8852, stack(0x0000001db6200000,0x0000001db6300000)]
  0x000002161ce77640 JavaThread "Unconstrained build operations Thread 58" [_thread_blocked, id=21184, stack(0x0000001db6400000,0x0000001db6500000)]
  0x000002161ce76710 JavaThread "Unconstrained build operations Thread 59" [_thread_blocked, id=35880, stack(0x0000001db6500000,0x0000001db6600000)]
  0x000002161ce799b0 JavaThread "Unconstrained build operations Thread 60" [_thread_blocked, id=31452, stack(0x0000001db6600000,0x0000001db6700000)]
  0x000002161ce76c20 JavaThread "Unconstrained build operations Thread 61" [_thread_blocked, id=33524, stack(0x0000001db6700000,0x0000001db6800000)]
  0x000002161ce78060 JavaThread "Unconstrained build operations Thread 62" [_thread_blocked, id=11704, stack(0x0000001db6800000,0x0000001db6900000)]
  0x000002161ce78570 JavaThread "Unconstrained build operations Thread 63" [_thread_blocked, id=35084, stack(0x0000001db6900000,0x0000001db6a00000)]
  0x000002161ce78a80 JavaThread "Unconstrained build operations Thread 64" [_thread_blocked, id=17872, stack(0x0000001db6a00000,0x0000001db6b00000)]
  0x000002161ca59ab0 JavaThread "Unconstrained build operations Thread 65" [_thread_blocked, id=15032, stack(0x0000001db6b00000,0x0000001db6c00000)]
  0x000002161ca58b80 JavaThread "Unconstrained build operations Thread 66" [_thread_blocked, id=36640, stack(0x0000001db6c00000,0x0000001db6d00000)]
  0x000002161ca59fc0 JavaThread "Unconstrained build operations Thread 67" [_thread_blocked, id=26128, stack(0x0000001db6d00000,0x0000001db6e00000)]
  0x000002161ca58160 JavaThread "Unconstrained build operations Thread 68" [_thread_blocked, id=32368, stack(0x0000001db6e00000,0x0000001db6f00000)]
  0x000002161ca59090 JavaThread "Unconstrained build operations Thread 69" [_thread_blocked, id=30724, stack(0x0000001db6f00000,0x0000001db7000000)]
  0x000002161ca595a0 JavaThread "Unconstrained build operations Thread 70" [_thread_blocked, id=18544, stack(0x0000001db7000000,0x0000001db7100000)]
  0x000002161ca5a4d0 JavaThread "Unconstrained build operations Thread 71" [_thread_blocked, id=19952, stack(0x0000001db7100000,0x0000001db7200000)]
  0x000002161ca5a9e0 JavaThread "Unconstrained build operations Thread 72" [_thread_blocked, id=11744, stack(0x0000001db7200000,0x0000001db7300000)]
  0x000002161ca5aef0 JavaThread "Unconstrained build operations Thread 73" [_thread_blocked, id=15816, stack(0x0000001db7300000,0x0000001db7400000)]
  0x000002161b37ee50 JavaThread "Unconstrained build operations Thread 74" [_thread_blocked, id=37012, stack(0x0000001db7400000,0x0000001db7500000)]
  0x000002161b37f360 JavaThread "Unconstrained build operations Thread 75" [_thread_blocked, id=19820, stack(0x0000001db7500000,0x0000001db7600000)]
  0x000002161b37fd80 JavaThread "Unconstrained build operations Thread 76" [_thread_blocked, id=21280, stack(0x0000001db7600000,0x0000001db7700000)]
  0x0000021612928be0 JavaThread "Unconstrained build operations Thread 77" [_thread_blocked, id=33532, stack(0x0000001db7700000,0x0000001db7800000)]
  0x0000021612929b10 JavaThread "Unconstrained build operations Thread 78" [_thread_blocked, id=39876, stack(0x0000001db7800000,0x0000001db7900000)]
  0x000002161292b460 JavaThread "Unconstrained build operations Thread 79" [_thread_blocked, id=11788, stack(0x0000001db7900000,0x0000001db7a00000)]
  0x000002161292b970 JavaThread "Unconstrained build operations Thread 80" [_thread_blocked, id=10320, stack(0x0000001db7a00000,0x0000001db7b00000)]
  0x000002161292be80 JavaThread "Unconstrained build operations Thread 81" [_thread_blocked, id=11188, stack(0x0000001db7b00000,0x0000001db7c00000)]
  0x000002161292af50 JavaThread "Unconstrained build operations Thread 82" [_thread_blocked, id=38668, stack(0x0000001db7c00000,0x0000001db7d00000)]
  0x00000216129290f0 JavaThread "Unconstrained build operations Thread 83" [_thread_blocked, id=37532, stack(0x0000001db7d00000,0x0000001db7e00000)]
  0x00000216129286d0 JavaThread "WorkerExecutor Queue" [_thread_blocked, id=27028, stack(0x0000001db8400000,0x0000001db8500000)]
  0x000002161292a530 JavaThread "WorkerExecutor Queue Thread 3" [_thread_blocked, id=18344, stack(0x0000001db8600000,0x0000001db8700000)]
  0x000002161aae3010 JavaThread "WorkerExecutor Queue Thread 4" [_thread_blocked, id=29224, stack(0x0000001db8700000,0x0000001db8800000)]
  0x000002161aae3f40 JavaThread "WorkerExecutor Queue Thread 5" [_thread_blocked, id=35344, stack(0x0000001db8800000,0x0000001db8900000)]
  0x000002161aae0790 JavaThread "WorkerExecutor Queue Thread 6" [_thread_blocked, id=16312, stack(0x0000001db8900000,0x0000001db8a00000)]
  0x000002161aae0ca0 JavaThread "WorkerExecutor Queue Thread 7" [_thread_blocked, id=33368, stack(0x0000001db8a00000,0x0000001db8b00000)]
  0x000002161aae3a30 JavaThread "WorkerExecutor Queue Thread 8" [_thread_blocked, id=30672, stack(0x0000001db8b00000,0x0000001db8c00000)]
  0x0000021620405d10 JavaThread "WorkerExecutor Queue Thread 9" [_thread_blocked, id=14856, stack(0x0000001db8c00000,0x0000001db8d00000)]
  0x0000021620406730 JavaThread "WorkerExecutor Queue Thread 10" [_thread_blocked, id=19068, stack(0x0000001db8d00000,0x0000001db8e00000)]
  0x00000216204048d0 JavaThread "WorkerExecutor Queue Thread 11" [_thread_blocked, id=34988, stack(0x0000001db8e00000,0x0000001db8f00000)]
  0x0000021620407150 JavaThread "WorkerExecutor Queue Thread 12" [_thread_blocked, id=18324, stack(0x0000001db8f00000,0x0000001db9000000)]
  0x0000021620406220 JavaThread "WorkerExecutor Queue Thread 13" [_thread_blocked, id=31692, stack(0x0000001db9000000,0x0000001db9100000)]
  0x0000021620406c40 JavaThread "WorkerExecutor Queue Thread 14" [_thread_blocked, id=32568, stack(0x0000001db9100000,0x0000001db9200000)]
  0x0000021620404de0 JavaThread "WorkerExecutor Queue Thread 15" [_thread_blocked, id=34876, stack(0x0000001db9200000,0x0000001db9300000)]
  0x0000021620407660 JavaThread "WorkerExecutor Queue Thread 16" [_thread_blocked, id=34256, stack(0x0000001db9300000,0x0000001db9400000)]
  0x0000021620403eb0 JavaThread "WorkerExecutor Queue Thread 17" [_thread_blocked, id=36804, stack(0x0000001db9400000,0x0000001db9500000)]
  0x00000216204052f0 JavaThread "WorkerExecutor Queue Thread 18" [_thread_blocked, id=8864, stack(0x0000001db9500000,0x0000001db9600000)]
  0x0000021620405800 JavaThread "WorkerExecutor Queue Thread 19" [_thread_blocked, id=20888, stack(0x0000001db9600000,0x0000001db9700000)]
  0x000002160e8f8560 JavaThread "WorkerExecutor Queue Thread 20" [_thread_blocked, id=37004, stack(0x0000001db9700000,0x0000001db9800000)]
  0x000002162a7d3dc0 JavaThread "Unconstrained build operations Thread 84" [_thread_blocked, id=23352, stack(0x0000001db9800000,0x0000001db9900000)]
  0x000002162a7d4cf0 JavaThread "Unconstrained build operations Thread 85" [_thread_blocked, id=11588, stack(0x0000001db9900000,0x0000001db9a00000)]
  0x000002162a7d5710 JavaThread "Unconstrained build operations Thread 86" [_thread_blocked, id=23040, stack(0x0000001db9a00000,0x0000001db9b00000)]
  0x00000216148acf90 JavaThread "Unconstrained build operations Thread 87" [_thread_blocked, id=6584, stack(0x0000001db9c00000,0x0000001db9d00000)]
  0x000002161b1f01f0 JavaThread "Unconstrained build operations Thread 88" [_thread_blocked, id=6536, stack(0x0000001db9d00000,0x0000001db9e00000)]
  0x000002161b1f0700 JavaThread "Unconstrained build operations Thread 89" [_thread_blocked, id=27836, stack(0x0000001db9e00000,0x0000001db9f00000)]
  0x000002161b1f1630 JavaThread "Unconstrained build operations Thread 90" [_thread_blocked, id=12788, stack(0x0000001db9f00000,0x0000001dba000000)]
  0x000002161b1f0c10 JavaThread "Unconstrained build operations Thread 91" [_thread_blocked, id=13528, stack(0x0000001dba000000,0x0000001dba100000)]
  0x000002161b1f1b40 JavaThread "Unconstrained build operations Thread 92" [_thread_blocked, id=32704, stack(0x0000001dba100000,0x0000001dba200000)]
  0x000002161c2fd950 JavaThread "Unconstrained build operations Thread 93" [_thread_blocked, id=13632, stack(0x0000001dba200000,0x0000001dba300000)]
  0x000002161c2fc510 JavaThread "Unconstrained build operations Thread 94" [_thread_blocked, id=7812, stack(0x0000001dba300000,0x0000001dba400000)]
  0x000002161c2fd440 JavaThread "Unconstrained build operations Thread 95" [_thread_blocked, id=37620, stack(0x0000001dba400000,0x0000001dba500000)]
  0x000002161c2fde60 JavaThread "Unconstrained build operations Thread 96" [_thread_blocked, id=39624, stack(0x0000001dba500000,0x0000001dba600000)]
  0x000002161c2fca20 JavaThread "Unconstrained build operations Thread 97" [_thread_blocked, id=34784, stack(0x0000001dba600000,0x0000001dba700000)]
  0x000002161e6768f0 JavaThread "Unconstrained build operations Thread 98" [_thread_blocked, id=22524, stack(0x0000001dba700000,0x0000001dba800000)]
  0x000002161e675ed0 JavaThread "Unconstrained build operations Thread 99" [_thread_blocked, id=32728, stack(0x0000001dba800000,0x0000001dba900000)]
  0x000002161c38b0c0 JavaThread "Unconstrained build operations Thread 100" [_thread_blocked, id=920, stack(0x0000001dba900000,0x0000001dbaa00000)]
  0x000002161c38c500 JavaThread "Unconstrained build operations Thread 101" [_thread_blocked, id=22268, stack(0x0000001dbaa00000,0x0000001dbab00000)]
  0x000002161c38a6a0 JavaThread "Unconstrained build operations Thread 102" [_thread_blocked, id=33496, stack(0x0000001dbab00000,0x0000001dbac00000)]
  0x000002161c38abb0 JavaThread "Unconstrained build operations Thread 103" [_thread_blocked, id=2704, stack(0x0000001dbac00000,0x0000001dbad00000)]
  0x000002161c38ca10 JavaThread "Unconstrained build operations Thread 104" [_thread_blocked, id=3068, stack(0x0000001dbad00000,0x0000001dbae00000)]
  0x000002161c389770 JavaThread "Unconstrained build operations Thread 105" [_thread_blocked, id=33944, stack(0x0000001dbae00000,0x0000001dbaf00000)]
  0x000002161d653890 JavaThread "Unconstrained build operations Thread 106" [_thread_blocked, id=29852, stack(0x0000001dbaf00000,0x0000001dbb000000)]
  0x000002161d653da0 JavaThread "Unconstrained build operations Thread 107" [_thread_blocked, id=27252, stack(0x0000001dbb000000,0x0000001dbb100000)]
  0x000002161d652e70 JavaThread "Unconstrained build operations Thread 108" [_thread_blocked, id=37436, stack(0x0000001dbb100000,0x0000001dbb200000)]
  0x000002161d653380 JavaThread "Unconstrained build operations Thread 109" [_thread_blocked, id=2024, stack(0x0000001dbb400000,0x0000001dbb500000)]
  0x0000021612ad8910 JavaThread "Unconstrained build operations Thread 110" [_thread_blocked, id=23220, stack(0x0000001dbb500000,0x0000001dbb600000)]
  0x0000021612ada260 JavaThread "Unconstrained build operations Thread 111" [_thread_blocked, id=37100, stack(0x0000001dbb600000,0x0000001dbb700000)]
  0x0000021612adb6a0 JavaThread "Unconstrained build operations Thread 112" [_thread_blocked, id=9476, stack(0x0000001dbb700000,0x0000001dbb800000)]
  0x0000021612adb190 JavaThread "Unconstrained build operations Thread 113" [_thread_blocked, id=19736, stack(0x0000001dbb800000,0x0000001dbb900000)]
  0x0000021612adc0c0 JavaThread "Unconstrained build operations Thread 114" [_thread_blocked, id=15376, stack(0x0000001dbb900000,0x0000001dbba00000)]
  0x0000021612ada770 JavaThread "Unconstrained build operations Thread 115" [_thread_blocked, id=28856, stack(0x0000001dbba00000,0x0000001dbbb00000)]
  0x0000021612adbbb0 JavaThread "Unconstrained build operations Thread 116" [_thread_blocked, id=21152, stack(0x0000001dbbb00000,0x0000001dbbc00000)]
  0x0000021612ad8e20 JavaThread "Unconstrained build operations Thread 117" [_thread_blocked, id=31384, stack(0x0000001dbbc00000,0x0000001dbbd00000)]
  0x0000021612ad9330 JavaThread "Unconstrained build operations Thread 118" [_thread_blocked, id=31540, stack(0x0000001dbbd00000,0x0000001dbbe00000)]
  0x000002161fdbff50 JavaThread "Unconstrained build operations Thread 119" [_thread_blocked, id=14580, stack(0x0000001dbbe00000,0x0000001dbbf00000)]
  0x000002161fdbfa40 JavaThread "Unconstrained build operations Thread 120" [_thread_blocked, id=37132, stack(0x0000001dbbf00000,0x0000001dbc000000)]
  0x000002161c2fcf30 JavaThread "Unconstrained build operations Thread 121" [_thread_blocked, id=23088, stack(0x0000001dbc000000,0x0000001dbc100000)]
  0x000002161e6707f0 JavaThread "Unconstrained build operations Thread 122" [_thread_blocked, id=31424, stack(0x0000001dbc100000,0x0000001dbc200000)]
  0x000002161e671210 JavaThread "Unconstrained build operations Thread 123" [_thread_blocked, id=20944, stack(0x0000001dbc200000,0x0000001dbc300000)]
  0x000002161e673a90 JavaThread "Unconstrained build operations Thread 124" [_thread_blocked, id=30432, stack(0x0000001dbc300000,0x0000001dbc400000)]
  0x000002161c389c80 JavaThread "Unconstrained build operations Thread 125" [_thread_blocked, id=40300, stack(0x0000001dbc400000,0x0000001dbc500000)]
  0x000002161dee4820 JavaThread "Unconstrained build operations Thread 126" [_thread_blocked, id=1700, stack(0x0000001dbc500000,0x0000001dbc600000)]
  0x000002161dee29c0 JavaThread "Unconstrained build operations Thread 127" [_thread_blocked, id=35816, stack(0x0000001dbc600000,0x0000001dbc700000)]
  0x000002161dee3e00 JavaThread "Unconstrained build operations Thread 128" [_thread_blocked, id=2220, stack(0x0000001dbc700000,0x0000001dbc800000)]
  0x000002161dee33e0 JavaThread "Unconstrained build operations Thread 129" [_thread_blocked, id=1732, stack(0x0000001dbc800000,0x0000001dbc900000)]
  0x000002161dee4310 JavaThread "Unconstrained build operations Thread 130" [_thread_blocked, id=16180, stack(0x0000001dbc900000,0x0000001dbca00000)]
  0x000002161dee4d30 JavaThread "Unconstrained build operations Thread 131" [_thread_blocked, id=12256, stack(0x0000001dbca00000,0x0000001dbcb00000)]
  0x000002161dee5240 JavaThread "Unconstrained build operations Thread 132" [_thread_blocked, id=20020, stack(0x0000001dbcb00000,0x0000001dbcc00000)]
  0x0000021619864e40 JavaThread "Unconstrained build operations Thread 133" [_thread_blocked, id=4436, stack(0x0000001dbcc00000,0x0000001dbcd00000)]
  0x0000021621535050 JavaThread "Unconstrained build operations Thread 134" [_thread_blocked, id=35200, stack(0x0000001dbcd00000,0x0000001dbce00000)]
  0x0000021621533700 JavaThread "Unconstrained build operations Thread 135" [_thread_blocked, id=34860, stack(0x0000001dbce00000,0x0000001dbcf00000)]
  0x0000021621534120 JavaThread "Unconstrained build operations Thread 136" [_thread_blocked, id=7980, stack(0x0000001dbcf00000,0x0000001dbd000000)]
  0x000002161aabded0 JavaThread "Unconstrained build operations Thread 137" [_thread_blocked, id=9712, stack(0x0000001dbd000000,0x0000001dbd100000)]
  0x000002161aabca90 JavaThread "Unconstrained build operations Thread 138" [_thread_blocked, id=34940, stack(0x0000001dbd100000,0x0000001dbd200000)]
  0x000002161aabd9c0 JavaThread "Unconstrained build operations Thread 139" [_thread_blocked, id=10248, stack(0x0000001dbd200000,0x0000001dbd300000)]
  0x000002161aae16c0 JavaThread "Unconstrained build operations Thread 140" [_thread_blocked, id=19116, stack(0x0000001dbd300000,0x0000001dbd400000)]
  0x000002161e673580 JavaThread "Unconstrained build operations Thread 141" [_thread_blocked, id=14532, stack(0x0000001dbd400000,0x0000001dbd500000)]
  0x000002161e672b60 JavaThread "Unconstrained build operations Thread 142" [_thread_blocked, id=7712, stack(0x0000001dbd500000,0x0000001dbd600000)]
  0x000002161e670d00 JavaThread "Unconstrained build operations Thread 143" [_thread_blocked, id=15448, stack(0x0000001dbd600000,0x0000001dbd700000)]
  0x000002161aabe3e0 JavaThread "Unconstrained build operations Thread 144" [_thread_blocked, id=19396, stack(0x0000001db2a00000,0x0000001db2b00000)]
  0x000002161aabc070 JavaThread "Unconstrained build operations Thread 145" [_thread_blocked, id=18204, stack(0x0000001db6300000,0x0000001db6400000)]
  0x000002161aabac30 JavaThread "Unconstrained build operations Thread 146" [_thread_blocked, id=11412, stack(0x0000001db7e00000,0x0000001db7f00000)]
  0x000002161aabb140 JavaThread "Unconstrained build operations Thread 147" [_thread_blocked, id=2364, stack(0x0000001db7f00000,0x0000001db8000000)]
  0x000002161aabb650 JavaThread "Unconstrained build operations Thread 148" [_thread_in_Java, id=19180, stack(0x0000001db8200000,0x0000001db8300000)]
  0x000002161aabcfa0 JavaThread "Unconstrained build operations Thread 149" [_thread_blocked, id=15168, stack(0x0000001db8300000,0x0000001db8400000)]
  0x0000021611fd0ea0 JavaThread "Unconstrained build operations Thread 150" [_thread_blocked, id=10936, stack(0x0000001dbd700000,0x0000001dbd800000)]
  0x0000021611fd3c30 JavaThread "Unconstrained build operations Thread 151" [_thread_blocked, id=27008, stack(0x0000001dbd800000,0x0000001dbd900000)]
  0x0000021611fd18c0 JavaThread "Unconstrained build operations Thread 152" [_thread_blocked, id=19224, stack(0x0000001dbd900000,0x0000001dbda00000)]
  0x0000021611fd3720 JavaThread "Unconstrained build operations Thread 153" [_thread_blocked, id=16816, stack(0x0000001dbda00000,0x0000001dbdb00000)]
  0x0000021611fd1dd0 JavaThread "Unconstrained build operations Thread 154" [_thread_blocked, id=16280, stack(0x0000001dbdb00000,0x0000001dbdc00000)]
  0x0000021611fd22e0 JavaThread "Unconstrained build operations Thread 155" [_thread_blocked, id=34096, stack(0x0000001dbdc00000,0x0000001dbdd00000)]
  0x0000021611fd2d00 JavaThread "Unconstrained build operations Thread 156" [_thread_blocked, id=25172, stack(0x0000001dbdd00000,0x0000001dbde00000)]
  0x0000021611fd27f0 JavaThread "Unconstrained build operations Thread 157" [_thread_blocked, id=27160, stack(0x0000001dbde00000,0x0000001dbdf00000)]
  0x0000021611fd3210 JavaThread "Unconstrained build operations Thread 158" [_thread_blocked, id=6624, stack(0x0000001dbdf00000,0x0000001dbe000000)]
  0x000002160c7e3660 JavaThread "Unconstrained build operations Thread 159" [_thread_in_native, id=9072, stack(0x0000001dbe000000,0x0000001dbe100000)]
  0x000002160c7e4fb0 JavaThread "Unconstrained build operations Thread 160" [_thread_blocked, id=6552, stack(0x0000001dbe100000,0x0000001dbe200000)]
  0x000002160c7e3150 JavaThread "Unconstrained build operations Thread 161" [_thread_blocked, id=13828, stack(0x0000001dbe200000,0x0000001dbe300000)]
  0x000002160c7e4590 JavaThread "Unconstrained build operations Thread 162" [_thread_blocked, id=11416, stack(0x0000001dbe300000,0x0000001dbe400000)]
  0x000002162a7d2e90 JavaThread "Unconstrained build operations Thread 163" [_thread_blocked, id=21776, stack(0x0000001db2800000,0x0000001db2900000)]
  0x000002162a7d5c20 JavaThread "Unconstrained build operations Thread 164" [_thread_blocked, id=36624, stack(0x0000001dbe400000,0x0000001dbe500000)]
  0x000002162a7d6130 JavaThread "Unconstrained build operations Thread 165" [_thread_blocked, id=16468, stack(0x0000001dbe500000,0x0000001dbe600000)]
  0x000002162a7d5200 JavaThread "Unconstrained build operations Thread 166" [_thread_blocked, id=40100, stack(0x0000001dbe600000,0x0000001dbe700000)]
  0x000002162a7d2980 JavaThread "Unconstrained build operations Thread 167" [_thread_blocked, id=40872, stack(0x0000001dbe700000,0x0000001dbe800000)]
  0x000002162a7d33a0 JavaThread "Unconstrained build operations Thread 168" [_thread_blocked, id=30484, stack(0x0000001dbe800000,0x0000001dbe900000)]
  0x000002162a7d47e0 JavaThread "Unconstrained build operations Thread 169" [_thread_blocked, id=5500, stack(0x0000001dbe900000,0x0000001dbea00000)]
  0x000002162a7d38b0 JavaThread "Unconstrained build operations Thread 170" [_thread_blocked, id=5184, stack(0x0000001dbea00000,0x0000001dbeb00000)]
  0x0000021619bc7310 JavaThread "Unconstrained build operations Thread 171" [_thread_blocked, id=37464, stack(0x0000001dbeb00000,0x0000001dbec00000)]
  0x0000021612ad9840 JavaThread "Unconstrained build operations Thread 172" [_thread_blocked, id=37672, stack(0x0000001dbec00000,0x0000001dbed00000)]
  0x0000021612ad9d50 JavaThread "Unconstrained build operations Thread 173" [_thread_blocked, id=9768, stack(0x0000001dbed00000,0x0000001dbee00000)]
  0x0000021612adac80 JavaThread "Unconstrained build operations Thread 174" [_thread_blocked, id=29984, stack(0x0000001dbee00000,0x0000001dbef00000)]
  0x000002162f7c83a0 JavaThread "Unconstrained build operations Thread 175" [_thread_blocked, id=14572, stack(0x0000001dbef00000,0x0000001dbf000000)]
  0x000002162f7c97e0 JavaThread "Unconstrained build operations Thread 176" [_thread_blocked, id=32476, stack(0x0000001dbf000000,0x0000001dbf100000)]
  0x000002162f7c92d0 JavaThread "Unconstrained build operations Thread 177" [_thread_blocked, id=13700, stack(0x0000001dbf100000,0x0000001dbf200000)]
  0x000002162f7c7e90 JavaThread "Unconstrained build operations Thread 178" [_thread_blocked, id=30548, stack(0x0000001dbf200000,0x0000001dbf300000)]
  0x000002162f7c8dc0 JavaThread "Unconstrained build operations Thread 179" [_thread_blocked, id=36224, stack(0x0000001dbf300000,0x0000001dbf400000)]
  0x000002162f7c9cf0 JavaThread "Unconstrained build operations Thread 180" [_thread_blocked, id=22372, stack(0x0000001dbf500000,0x0000001dbf600000)]
  0x000002162f7c88b0 JavaThread "Unconstrained build operations Thread 181" [_thread_blocked, id=5928, stack(0x0000001dbf900000,0x0000001dbfa00000)]
  0x000002160e8f8a70 JavaThread "WorkerExecutor Queue Thread 21" [_thread_blocked, id=872, stack(0x0000001db2b00000,0x0000001db2c00000)]
  0x000002160ee8cd90 JavaThread "Unconstrained build operations Thread 182" [_thread_blocked, id=28736, stack(0x0000001db9b00000,0x0000001db9c00000)]
  0x000002160ee8c880 JavaThread "Unconstrained build operations Thread 183" [_thread_blocked, id=32096, stack(0x0000001dbfa00000,0x0000001dbfb00000)]
  0x000002160ee89af0 JavaThread "Unconstrained build operations Thread 184" [_thread_blocked, id=35920, stack(0x0000001dbfb00000,0x0000001dbfc00000)]
  0x000002160ee8af30 JavaThread "Unconstrained build operations Thread 185" [_thread_blocked, id=37988, stack(0x0000001dbfc00000,0x0000001dbfd00000)]
  0x000002160ee8d7b0 JavaThread "Unconstrained build operations Thread 186" [_thread_blocked, id=37460, stack(0x0000001dbfe00000,0x0000001dbff00000)]
  0x000002161aae1bd0 JavaThread "Unconstrained build operations Thread 187" [_thread_blocked, id=31896, stack(0x0000001dbff00000,0x0000001dc0000000)]
  0x000002161aae25f0 JavaThread "Unconstrained build operations Thread 188" [_thread_blocked, id=29368, stack(0x0000001dc0000000,0x0000001dc0100000)]
  0x000002161aae2b00 JavaThread "Unconstrained build operations Thread 189" [_thread_blocked, id=24360, stack(0x0000001dc0100000,0x0000001dc0200000)]
  0x000002161aae3520 JavaThread "Unconstrained build operations Thread 190" [_thread_blocked, id=12808, stack(0x0000001dc0200000,0x0000001dc0300000)]
  0x000002161eed56b0 JavaThread "Unconstrained build operations Thread 191" [_thread_blocked, id=15384, stack(0x0000001dc0300000,0x0000001dc0400000)]
  0x000002161eed65e0 JavaThread "Unconstrained build operations Thread 192" [_thread_blocked, id=13436, stack(0x0000001dc0400000,0x0000001dc0500000)]
  0x000002161eed60d0 JavaThread "Unconstrained build operations Thread 193" [_thread_blocked, id=3724, stack(0x0000001dc0500000,0x0000001dc0600000)]
  0x000002161eed5bc0 JavaThread "Unconstrained build operations Thread 194" [_thread_blocked, id=23056, stack(0x0000001dc0600000,0x0000001dc0700000)]
  0x00000216192f14a0 JavaThread "Unconstrained build operations Thread 195" [_thread_blocked, id=16844, stack(0x0000001dc0700000,0x0000001dc0800000)]
  0x00000216192f19b0 JavaThread "Unconstrained build operations Thread 196" [_thread_blocked, id=16708, stack(0x0000001dc0800000,0x0000001dc0900000)]
  0x00000216192f3300 JavaThread "Unconstrained build operations Thread 197" [_thread_blocked, id=16784, stack(0x0000001dc0900000,0x0000001dc0a00000)]
  0x00000216192f1ec0 JavaThread "Unconstrained build operations Thread 198" [_thread_blocked, id=14352, stack(0x0000001dc0a00000,0x0000001dc0b00000)]
  0x00000216192f3810 JavaThread "Unconstrained build operations Thread 199" [_thread_blocked, id=40452, stack(0x0000001dc0b00000,0x0000001dc0c00000)]
  0x00000216192f0060 JavaThread "Unconstrained build operations Thread 200" [_thread_blocked, id=3680, stack(0x0000001dc0c00000,0x0000001dc0d00000)]
  0x000002161256f620 JavaThread "pool-44-thread-1" [_thread_blocked, id=40760, stack(0x0000001db8500000,0x0000001db8600000)]
  0x000002161256fb30 JavaThread "stderr" [_thread_in_native, id=26500, stack(0x0000001dc1a00000,0x0000001dc1b00000)]
  0x000002161256d2b0 JavaThread "stdout" [_thread_in_native, id=34580, stack(0x0000001dc1b00000,0x0000001dc1c00000)]
  0x000002160e8f8f80 JavaThread "stderr" [_thread_in_native, id=30488, stack(0x0000001dc1c00000,0x0000001dc1d00000)]
  0x000002160e8f7630 JavaThread "stdout" [_thread_in_native, id=2600, stack(0x0000001dc1d00000,0x0000001dc1e00000)]
  0x000002161256f110 JavaThread "RMI RenewClean-[127.0.0.1:17724,org.jetbrains.kotlin.daemon.common.LoopbackNetworkInterface$ClientLoopbackSocketFactory@495dba2c]" daemon [_thread_blocked, id=27348, stack(0x0000001dc3800000,0x0000001dc3900000)]
  0x000002161e673fa0 JavaThread "RMI TCP Connection(13)-127.0.0.1" daemon [_thread_in_native, id=38100, stack(0x0000001dc3900000,0x0000001dc3a00000)]
  0x000002161e671720 JavaThread "RMI TCP Connection(14)-127.0.0.1" daemon [_thread_in_native, id=8888, stack(0x0000001dc2100000,0x0000001dc2200000)]
  0x0000021619d61af0 JavaThread "RMI TCP Connection(15)-127.0.0.1" daemon [_thread_in_native, id=25696, stack(0x0000001dc2200000,0x0000001dc2300000)]
=>0x000002161cd94ab0 JavaThread "C2 CompilerThread1" daemon [_thread_in_native, id=4852, stack(0x0000001dc0d00000,0x0000001dc0e00000)]
  0x0000021632ad74a0 JavaThread "C2 CompilerThread2" daemon [_thread_in_native, id=30148, stack(0x0000001dc0e00000,0x0000001dc0f00000)]
  0x0000021632ad64b0 JavaThread "C2 CompilerThread3" daemon [_thread_in_native, id=16552, stack(0x0000001dc1f00000,0x0000001dc2000000)]
  0x0000021632ad79f0 JavaThread "C2 CompilerThread4" daemon [_thread_in_native, id=14148, stack(0x0000001dc2000000,0x0000001dc2100000)]
  0x000002161d362a60 JavaThread "C2 CompilerThread5" daemon [_thread_in_native, id=9808, stack(0x0000001dc2300000,0x0000001dc2400000)]
  0x000002161d363500 JavaThread "C2 CompilerThread6" daemon [_thread_in_native, id=28492, stack(0x0000001dc2400000,0x0000001dc2500000)]

Other Threads:
  0x00000215c5ce7940 VMThread "VM Thread" [stack: 0x0000001dabb00000,0x0000001dabc00000] [id=2680]
  0x00000215a68ea040 WatcherThread [stack: 0x0000001dacb00000,0x0000001dacc00000] [id=16556]
  0x00000215a6949630 GCTaskThread "GC Thread#0" [stack: 0x0000001dab600000,0x0000001dab700000] [id=39084]
  0x0000021607350c60 GCTaskThread "GC Thread#1" [stack: 0x0000001dad000000,0x0000001dad100000] [id=28012]
  0x000002160734f310 GCTaskThread "GC Thread#2" [stack: 0x0000001dad100000,0x0000001dad200000] [id=30312]
  0x000002160734fe50 GCTaskThread "GC Thread#3" [stack: 0x0000001dad200000,0x0000001dad300000] [id=15664]
  0x00000216073503f0 GCTaskThread "GC Thread#4" [stack: 0x0000001dad300000,0x0000001dad400000] [id=29900]
  0x00000216073506c0 GCTaskThread "GC Thread#5" [stack: 0x0000001dad400000,0x0000001dad500000] [id=21396]
  0x000002160ddac240 GCTaskThread "GC Thread#6" [stack: 0x0000001dae300000,0x0000001dae400000] [id=8856]
  0x000002160ddabf70 GCTaskThread "GC Thread#7" [stack: 0x0000001dae400000,0x0000001dae500000] [id=21852]
  0x000002160ddab9d0 GCTaskThread "GC Thread#8" [stack: 0x0000001dae500000,0x0000001dae600000] [id=17944]
  0x000002160ddab430 GCTaskThread "GC Thread#9" [stack: 0x0000001dae600000,0x0000001dae700000] [id=16736]
  0x000002160ddacd80 GCTaskThread "GC Thread#10" [stack: 0x0000001dae700000,0x0000001dae800000] [id=40680]
  0x000002160ddac510 GCTaskThread "GC Thread#11" [stack: 0x0000001dae800000,0x0000001dae900000] [id=39524]
  0x000002160ddac7e0 GCTaskThread "GC Thread#12" [stack: 0x0000001dae900000,0x0000001daea00000] [id=9592]
  0x000002160ddaa080 GCTaskThread "GC Thread#13" [stack: 0x0000001daea00000,0x0000001daeb00000] [id=25120]
  0x000002160ddacab0 GCTaskThread "GC Thread#14" [stack: 0x0000001daeb00000,0x0000001daec00000] [id=28596]
  0x00000215a695a4a0 ConcurrentGCThread "G1 Main Marker" [stack: 0x0000001dab700000,0x0000001dab800000] [id=24800]
  0x00000215a695add0 ConcurrentGCThread "G1 Conc#0" [stack: 0x0000001dab800000,0x0000001dab900000] [id=7860]
  0x000002160ddaa620 ConcurrentGCThread "G1 Conc#1" [stack: 0x0000001daec00000,0x0000001daed00000] [id=21072]
  0x000002160ddaa8f0 ConcurrentGCThread "G1 Conc#2" [stack: 0x0000001daed00000,0x0000001daee00000] [id=32716]
  0x000002160ddaabc0 ConcurrentGCThread "G1 Conc#3" [stack: 0x0000001daee00000,0x0000001daef00000] [id=29996]
  0x00000215c5c1c670 ConcurrentGCThread "G1 Refine#0" [stack: 0x0000001dab900000,0x0000001daba00000] [id=32108]
  0x000002161a171910 ConcurrentGCThread "G1 Refine#1" [stack: 0x0000001db8000000,0x0000001db8100000] [id=9268]
  0x000002161a172810 ConcurrentGCThread "G1 Refine#2" [stack: 0x0000001db8100000,0x0000001db8200000] [id=34812]
  0x000002161ae8ffa0 ConcurrentGCThread "G1 Refine#3" [stack: 0x0000001dc0f00000,0x0000001dc1000000] [id=38808]
  0x000002161bdad1c0 ConcurrentGCThread "G1 Refine#4" [stack: 0x0000001dc1000000,0x0000001dc1100000] [id=10868]
  0x000002161c1afe20 ConcurrentGCThread "G1 Refine#5" [stack: 0x0000001dc1100000,0x0000001dc1200000] [id=33172]
  0x0000021613971e20 ConcurrentGCThread "G1 Refine#6" [stack: 0x0000001dc1200000,0x0000001dc1300000] [id=29308]
  0x000002161a170110 ConcurrentGCThread "G1 Refine#7" [stack: 0x0000001dc1300000,0x0000001dc1400000] [id=13804]
  0x000002161c1b0e30 ConcurrentGCThread "G1 Refine#8" [stack: 0x0000001dc1400000,0x0000001dc1500000] [id=32036]
  0x000002161c1b1130 ConcurrentGCThread "G1 Refine#9" [stack: 0x0000001dc1500000,0x0000001dc1600000] [id=15896]
  0x0000021612dad1c0 ConcurrentGCThread "G1 Refine#10" [stack: 0x0000001dc1600000,0x0000001dc1700000] [id=27832]
  0x000002161c1b1a30 ConcurrentGCThread "G1 Refine#11" [stack: 0x0000001dc1700000,0x0000001dc1800000] [id=3096]
  0x000002161c568c60 ConcurrentGCThread "G1 Refine#12" [stack: 0x0000001dc1800000,0x0000001dc1900000] [id=40568]
  0x000002161c568060 ConcurrentGCThread "G1 Refine#13" [stack: 0x0000001dc1900000,0x0000001dc1a00000] [id=27684]
  0x000002161ae902a0 ConcurrentGCThread "G1 Refine#14" [stack: 0x0000001dc1e00000,0x0000001dc1f00000] [id=39260]
  0x00000215c5c1cd60 ConcurrentGCThread "G1 Service" [stack: 0x0000001daba00000,0x0000001dabb00000] [id=16268]

Threads with active compile tasks:
C2 CompilerThread0  3079600 64112 %     4       org.jetbrains.kotlin.gradle.internal.kapt.incremental.ClasspathEntryData::writeObject @ 343 (1063 bytes)
C2 CompilerThread1  3079600 64111       4       org.jetbrains.kotlin.gradle.internal.kapt.incremental.ClassTypeExtractorVisitor::visitMethod (158 bytes)
C2 CompilerThread2  3079600 64113       4       org.jetbrains.org.objectweb.asm.ClassReader::readField (669 bytes)
C2 CompilerThread3  3079600 64122       4       org.jetbrains.kotlin.gradle.internal.kapt.incremental.ClassTypeExtractorVisitor::visitField (83 bytes)
C2 CompilerThread4  3079600 64109       4       org.jetbrains.org.objectweb.asm.ClassReader::readMethod (1095 bytes)
C2 CompilerThread5  3079600 64104       4       org.jetbrains.kotlin.gradle.internal.kapt.incremental.ClassAbiExtractor::visitAnnotation (24 bytes)
C2 CompilerThread6  3079600 64092       4       org.jetbrains.kotlin.gradle.internal.kapt.incremental.ClasspathAnalyzerKt::analyzeInputStream (129 bytes)

VM state: not at safepoint (normal execution)

VM Mutex/Monitor currently owned by a thread: None

Heap address: 0x0000000080000000, size: 2048 MB, Compressed Oops mode: 32-bit

CDS archive(s) mapped at: [0x00000215c6000000-0x00000215c6bb0000-0x00000215c6bb0000), size 12255232, SharedBaseAddress: 0x00000215c6000000, ArchiveRelocationMode: 1.
Compressed class space mapped at: 0x00000215c7000000-0x0000021607000000, reserved size: 1073741824
Narrow klass base: 0x00000215c6000000, Narrow klass shift: 0, Narrow klass range: 0x100000000

GC Precious Log:
 CPUs: 20 total, 20 available
 Memory: 16049M
 Large Page Support: Disabled
 NUMA Support: Disabled
 Compressed Oops: Enabled (32-bit)
 Heap Region Size: 1M
 Heap Min Capacity: 8M
 Heap Initial Capacity: 252M
 Heap Max Capacity: 2G
 Pre-touch: Disabled
 Parallel Workers: 15
 Concurrent Workers: 4
 Concurrent Refinement Workers: 15
 Periodic GC: Disabled

Heap:
 garbage-first heap   total 1499136K, used 703924K [0x0000000080000000, 0x0000000100000000)
  region size 1024K, 148 young (151552K), 15 survivors (15360K)
 Metaspace       used 283166K, committed 287936K, reserved 1310720K
  class space    used 36122K, committed 37696K, reserved 1048576K

Heap Regions: E=young(eden), S=young(survivor), O=old, HS=humongous(starts), HC=humongous(continues), CS=collection set, F=free, OA=open archive, CA=closed archive, TAMS=top-at-mark-start (previous, next)
|   0|0x0000000080000000, 0x0000000080100000, 0x0000000080100000|100%|HS|  |TAMS 0x0000000080100000, 0x0000000080000000| Complete 
|   1|0x0000000080100000, 0x0000000080200000, 0x0000000080200000|100%|HC|  |TAMS 0x0000000080200000, 0x0000000080100000| Complete 
|   2|0x0000000080200000, 0x0000000080300000, 0x0000000080300000|100%|HC|  |TAMS 0x0000000080300000, 0x0000000080200000| Complete 
|   3|0x0000000080300000, 0x0000000080400000, 0x0000000080400000|100%| O|  |TAMS 0x0000000080400000, 0x0000000080300000| Untracked 
|   4|0x0000000080400000, 0x0000000080500000, 0x0000000080500000|100%| O|  |TAMS 0x0000000080500000, 0x0000000080400000| Untracked 
|   5|0x0000000080500000, 0x0000000080600000, 0x0000000080600000|100%| O|  |TAMS 0x0000000080600000, 0x0000000080500000| Untracked 
|   6|0x0000000080600000, 0x0000000080700000, 0x0000000080700000|100%|HS|  |TAMS 0x0000000080700000, 0x0000000080600000| Complete 
|   7|0x0000000080700000, 0x0000000080800000, 0x0000000080800000|100%|HS|  |TAMS 0x0000000080800000, 0x0000000080700000| Complete 
|   8|0x0000000080800000, 0x0000000080900000, 0x0000000080900000|100%| O|  |TAMS 0x0000000080900000, 0x0000000080800000| Untracked 
|   9|0x0000000080900000, 0x0000000080a00000, 0x0000000080a00000|100%| O|  |TAMS 0x0000000080a00000, 0x0000000080900000| Untracked 
|  10|0x0000000080a00000, 0x0000000080b00000, 0x0000000080b00000|100%| O|  |TAMS 0x0000000080b00000, 0x0000000080a00000| Untracked 
|  11|0x0000000080b00000, 0x0000000080c00000, 0x0000000080c00000|100%| O|  |TAMS 0x0000000080c00000, 0x0000000080b00000| Untracked 
|  12|0x0000000080c00000, 0x0000000080d00000, 0x0000000080d00000|100%| O|  |TAMS 0x0000000080d00000, 0x0000000080c00000| Untracked 
|  13|0x0000000080d00000, 0x0000000080e00000, 0x0000000080e00000|100%|HS|  |TAMS 0x0000000080e00000, 0x0000000080d00000| Complete 
|  14|0x0000000080e00000, 0x0000000080f00000, 0x0000000080f00000|100%|HC|  |TAMS 0x0000000080f00000, 0x0000000080e00000| Complete 
|  15|0x0000000080f00000, 0x0000000081000000, 0x0000000081000000|100%|HC|  |TAMS 0x0000000081000000, 0x0000000080f00000| Complete 
|  16|0x0000000081000000, 0x0000000081100000, 0x0000000081100000|100%|HC|  |TAMS 0x0000000081100000, 0x0000000081000000| Complete 
|  17|0x0000000081100000, 0x0000000081200000, 0x0000000081200000|100%|HC|  |TAMS 0x0000000081200000, 0x0000000081100000| Complete 
|  18|0x0000000081200000, 0x0000000081300000, 0x0000000081300000|100%|HC|  |TAMS 0x0000000081300000, 0x0000000081200000| Complete 
|  19|0x0000000081300000, 0x0000000081400000, 0x0000000081400000|100%|HS|  |TAMS 0x0000000081400000, 0x0000000081300000| Complete 
|  20|0x0000000081400000, 0x0000000081500000, 0x0000000081500000|100%|HC|  |TAMS 0x0000000081500000, 0x0000000081400000| Complete 
|  21|0x0000000081500000, 0x0000000081600000, 0x0000000081600000|100%|HC|  |TAMS 0x0000000081600000, 0x0000000081500000| Complete 
|  22|0x0000000081600000, 0x0000000081700000, 0x0000000081700000|100%|HC|  |TAMS 0x0000000081700000, 0x0000000081600000| Complete 
|  23|0x0000000081700000, 0x0000000081800000, 0x0000000081800000|100%|HS|  |TAMS 0x0000000081800000, 0x0000000081700000| Complete 
|  24|0x0000000081800000, 0x0000000081900000, 0x0000000081900000|100%|HC|  |TAMS 0x0000000081900000, 0x0000000081800000| Complete 
|  25|0x0000000081900000, 0x0000000081a00000, 0x0000000081a00000|100%| O|  |TAMS 0x0000000081a00000, 0x0000000081900000| Untracked 
|  26|0x0000000081a00000, 0x0000000081b00000, 0x0000000081b00000|100%| O|  |TAMS 0x0000000081b00000, 0x0000000081a00000| Untracked 
|  27|0x0000000081b00000, 0x0000000081c00000, 0x0000000081c00000|100%| O|  |TAMS 0x0000000081c00000, 0x0000000081b00000| Untracked 
|  28|0x0000000081c00000, 0x0000000081d00000, 0x0000000081d00000|100%| O|  |TAMS 0x0000000081d00000, 0x0000000081c00000| Untracked 
|  29|0x0000000081d00000, 0x0000000081e00000, 0x0000000081e00000|100%| O|  |TAMS 0x0000000081e00000, 0x0000000081d00000| Untracked 
|  30|0x0000000081e00000, 0x0000000081f00000, 0x0000000081f00000|100%| O|  |TAMS 0x0000000081f00000, 0x0000000081e00000| Untracked 
|  31|0x0000000081f00000, 0x0000000082000000, 0x0000000082000000|100%| O|  |TAMS 0x0000000082000000, 0x0000000081f00000| Untracked 
|  32|0x0000000082000000, 0x0000000082100000, 0x0000000082100000|100%| O|  |TAMS 0x0000000082100000, 0x0000000082000000| Untracked 
|  33|0x0000000082100000, 0x0000000082200000, 0x0000000082200000|100%| O|  |TAMS 0x0000000082200000, 0x0000000082100000| Untracked 
|  34|0x0000000082200000, 0x0000000082300000, 0x0000000082300000|100%| O|  |TAMS 0x0000000082300000, 0x0000000082200000| Untracked 
|  35|0x0000000082300000, 0x0000000082400000, 0x0000000082400000|100%| O|  |TAMS 0x0000000082400000, 0x0000000082300000| Untracked 
|  36|0x0000000082400000, 0x0000000082500000, 0x0000000082500000|100%| O|  |TAMS 0x0000000082500000, 0x0000000082400000| Untracked 
|  37|0x0000000082500000, 0x0000000082600000, 0x0000000082600000|100%| O|  |TAMS 0x0000000082600000, 0x0000000082500000| Untracked 
|  38|0x0000000082600000, 0x0000000082700000, 0x0000000082700000|100%|HS|  |TAMS 0x0000000082700000, 0x0000000082600000| Complete 
|  39|0x0000000082700000, 0x0000000082800000, 0x0000000082800000|100%| O|  |TAMS 0x0000000082800000, 0x0000000082700000| Untracked 
|  40|0x0000000082800000, 0x0000000082900000, 0x0000000082900000|100%| O|  |TAMS 0x0000000082900000, 0x0000000082800000| Untracked 
|  41|0x0000000082900000, 0x0000000082a00000, 0x0000000082a00000|100%|HS|  |TAMS 0x0000000082a00000, 0x0000000082900000| Complete 
|  42|0x0000000082a00000, 0x0000000082b00000, 0x0000000082b00000|100%|HC|  |TAMS 0x0000000082b00000, 0x0000000082a00000| Complete 
|  43|0x0000000082b00000, 0x0000000082c00000, 0x0000000082c00000|100%|HS|  |TAMS 0x0000000082c00000, 0x0000000082b00000| Complete 
|  44|0x0000000082c00000, 0x0000000082d00000, 0x0000000082d00000|100%|HC|  |TAMS 0x0000000082d00000, 0x0000000082c00000| Complete 
|  45|0x0000000082d00000, 0x0000000082e00000, 0x0000000082e00000|100%|HC|  |TAMS 0x0000000082e00000, 0x0000000082d00000| Complete 
|  46|0x0000000082e00000, 0x0000000082f00000, 0x0000000082f00000|100%|HC|  |TAMS 0x0000000082f00000, 0x0000000082e00000| Complete 
|  47|0x0000000082f00000, 0x0000000083000000, 0x0000000083000000|100%|HC|  |TAMS 0x0000000083000000, 0x0000000082f00000| Complete 
|  48|0x0000000083000000, 0x0000000083100000, 0x0000000083100000|100%|HC|  |TAMS 0x0000000083100000, 0x0000000083000000| Complete 
|  49|0x0000000083100000, 0x0000000083200000, 0x0000000083200000|100%|HS|  |TAMS 0x0000000083200000, 0x0000000083100000| Complete 
|  50|0x0000000083200000, 0x0000000083300000, 0x0000000083300000|100%|HC|  |TAMS 0x0000000083300000, 0x0000000083200000| Complete 
|  51|0x0000000083300000, 0x0000000083400000, 0x0000000083400000|100%|HC|  |TAMS 0x0000000083400000, 0x0000000083300000| Complete 
|  52|0x0000000083400000, 0x0000000083500000, 0x0000000083500000|100%|HC|  |TAMS 0x0000000083500000, 0x0000000083400000| Complete 
|  53|0x0000000083500000, 0x0000000083600000, 0x0000000083600000|100%|HC|  |TAMS 0x0000000083600000, 0x0000000083500000| Complete 
|  54|0x0000000083600000, 0x0000000083700000, 0x0000000083700000|100%|HC|  |TAMS 0x0000000083700000, 0x0000000083600000| Complete 
|  55|0x0000000083700000, 0x0000000083800000, 0x0000000083800000|100%| O|  |TAMS 0x0000000083800000, 0x0000000083700000| Untracked 
|  56|0x0000000083800000, 0x0000000083900000, 0x0000000083900000|100%| O|  |TAMS 0x0000000083900000, 0x0000000083800000| Untracked 
|  57|0x0000000083900000, 0x0000000083a00000, 0x0000000083a00000|100%| O|  |TAMS 0x0000000083a00000, 0x0000000083900000| Untracked 
|  58|0x0000000083a00000, 0x0000000083b00000, 0x0000000083b00000|100%| O|  |TAMS 0x0000000083a00000, 0x0000000083a00000| Untracked 
|  59|0x0000000083b00000, 0x0000000083c00000, 0x0000000083c00000|100%| O|  |TAMS 0x0000000083c00000, 0x0000000083b00000| Untracked 
|  60|0x0000000083c00000, 0x0000000083d00000, 0x0000000083d00000|100%| O|  |TAMS 0x0000000083d00000, 0x0000000083c00000| Untracked 
|  61|0x0000000083d00000, 0x0000000083e00000, 0x0000000083e00000|100%| O|  |TAMS 0x0000000083e00000, 0x0000000083d00000| Untracked 
|  62|0x0000000083e00000, 0x0000000083f00000, 0x0000000083f00000|100%| O|  |TAMS 0x0000000083f00000, 0x0000000083e00000| Untracked 
|  63|0x0000000083f00000, 0x0000000084000000, 0x0000000084000000|100%| O|  |TAMS 0x0000000083f00000, 0x0000000083f00000| Untracked 
|  64|0x0000000084000000, 0x0000000084100000, 0x0000000084100000|100%| O|  |TAMS 0x0000000084100000, 0x0000000084000000| Untracked 
|  65|0x0000000084100000, 0x0000000084200000, 0x0000000084200000|100%|HS|  |TAMS 0x0000000084200000, 0x0000000084100000| Complete 
|  66|0x0000000084200000, 0x0000000084300000, 0x0000000084300000|100%| O|  |TAMS 0x0000000084200000, 0x0000000084200000| Untracked 
|  67|0x0000000084300000, 0x0000000084400000, 0x0000000084400000|100%| O|  |TAMS 0x0000000084400000, 0x0000000084300000| Untracked 
|  68|0x0000000084400000, 0x0000000084500000, 0x0000000084500000|100%| O|  |TAMS 0x0000000084500000, 0x0000000084400000| Untracked 
|  69|0x0000000084500000, 0x0000000084600000, 0x0000000084600000|100%| O|  |TAMS 0x0000000084600000, 0x0000000084500000| Untracked 
|  70|0x0000000084600000, 0x0000000084700000, 0x0000000084700000|100%| O|  |TAMS 0x0000000084700000, 0x0000000084600000| Untracked 
|  71|0x0000000084700000, 0x0000000084800000, 0x0000000084800000|100%| O|  |TAMS 0x0000000084800000, 0x0000000084700000| Untracked 
|  72|0x0000000084800000, 0x0000000084900000, 0x0000000084900000|100%| O|  |TAMS 0x0000000084900000, 0x0000000084800000| Untracked 
|  73|0x0000000084900000, 0x0000000084a00000, 0x0000000084a00000|100%| O|  |TAMS 0x0000000084a00000, 0x0000000084900000| Untracked 
|  74|0x0000000084a00000, 0x0000000084b00000, 0x0000000084b00000|100%| O|  |TAMS 0x0000000084b00000, 0x0000000084a00000| Untracked 
|  75|0x0000000084b00000, 0x0000000084c00000, 0x0000000084c00000|100%| O|  |TAMS 0x0000000084c00000, 0x0000000084b00000| Untracked 
|  76|0x0000000084c00000, 0x0000000084d00000, 0x0000000084d00000|100%| O|  |TAMS 0x0000000084d00000, 0x0000000084c00000| Untracked 
|  77|0x0000000084d00000, 0x0000000084e00000, 0x0000000084e00000|100%| O|  |TAMS 0x0000000084e00000, 0x0000000084d00000| Untracked 
|  78|0x0000000084e00000, 0x0000000084f00000, 0x0000000084f00000|100%| O|  |TAMS 0x0000000084f00000, 0x0000000084e00000| Untracked 
|  79|0x0000000084f00000, 0x0000000085000000, 0x0000000085000000|100%| O|  |TAMS 0x0000000084f00000, 0x0000000084f00000| Untracked 
|  80|0x0000000085000000, 0x0000000085100000, 0x0000000085100000|100%| O|  |TAMS 0x0000000085100000, 0x0000000085000000| Untracked 
|  81|0x0000000085100000, 0x0000000085200000, 0x0000000085200000|100%|HS|  |TAMS 0x0000000085200000, 0x0000000085100000| Complete 
|  82|0x0000000085200000, 0x0000000085300000, 0x0000000085300000|100%|HS|  |TAMS 0x0000000085300000, 0x0000000085200000| Complete 
|  83|0x0000000085300000, 0x0000000085400000, 0x0000000085400000|100%|HC|  |TAMS 0x0000000085400000, 0x0000000085300000| Complete 
|  84|0x0000000085400000, 0x0000000085500000, 0x0000000085500000|100%|HS|  |TAMS 0x0000000085500000, 0x0000000085400000| Complete 
|  85|0x0000000085500000, 0x0000000085600000, 0x0000000085600000|100%|HC|  |TAMS 0x0000000085600000, 0x0000000085500000| Complete 
|  86|0x0000000085600000, 0x0000000085700000, 0x0000000085700000|100%|HS|  |TAMS 0x0000000085700000, 0x0000000085600000| Complete 
|  87|0x0000000085700000, 0x0000000085800000, 0x0000000085800000|100%|HS|  |TAMS 0x0000000085800000, 0x0000000085700000| Complete 
|  88|0x0000000085800000, 0x0000000085900000, 0x0000000085900000|100%|HS|  |TAMS 0x0000000085900000, 0x0000000085800000| Complete 
|  89|0x0000000085900000, 0x0000000085a00000, 0x0000000085a00000|100%|HS|  |TAMS 0x0000000085a00000, 0x0000000085900000| Complete 
|  90|0x0000000085a00000, 0x0000000085b00000, 0x0000000085b00000|100%| O|  |TAMS 0x0000000085b00000, 0x0000000085a00000| Untracked 
|  91|0x0000000085b00000, 0x0000000085c00000, 0x0000000085c00000|100%| O|  |TAMS 0x0000000085c00000, 0x0000000085b00000| Untracked 
|  92|0x0000000085c00000, 0x0000000085d00000, 0x0000000085d00000|100%| O|  |TAMS 0x0000000085d00000, 0x0000000085c00000| Untracked 
|  93|0x0000000085d00000, 0x0000000085e00000, 0x0000000085e00000|100%| O|  |TAMS 0x0000000085e00000, 0x0000000085d00000| Untracked 
|  94|0x0000000085e00000, 0x0000000085f00000, 0x0000000085f00000|100%| O|  |TAMS 0x0000000085f00000, 0x0000000085e00000| Untracked 
|  95|0x0000000085f00000, 0x0000000086000000, 0x0000000086000000|100%| O|  |TAMS 0x0000000086000000, 0x0000000085f00000| Untracked 
|  96|0x0000000086000000, 0x0000000086100000, 0x0000000086100000|100%| O|  |TAMS 0x0000000086000000, 0x0000000086000000| Untracked 
|  97|0x0000000086100000, 0x0000000086200000, 0x0000000086200000|100%| O|  |TAMS 0x0000000086100000, 0x0000000086100000| Untracked 
|  98|0x0000000086200000, 0x0000000086300000, 0x0000000086300000|100%| O|  |TAMS 0x0000000086300000, 0x0000000086200000| Untracked 
|  99|0x0000000086300000, 0x0000000086400000, 0x0000000086400000|100%| O|  |TAMS 0x0000000086400000, 0x0000000086300000| Untracked 
| 100|0x0000000086400000, 0x0000000086500000, 0x0000000086500000|100%| O|  |TAMS 0x0000000086500000, 0x0000000086400000| Untracked 
| 101|0x0000000086500000, 0x0000000086600000, 0x0000000086600000|100%| O|  |TAMS 0x0000000086600000, 0x0000000086500000| Untracked 
| 102|0x0000000086600000, 0x0000000086700000, 0x0000000086700000|100%|HS|  |TAMS 0x0000000086700000, 0x0000000086600000| Complete 
| 103|0x0000000086700000, 0x0000000086800000, 0x0000000086800000|100%| O|  |TAMS 0x0000000086800000, 0x0000000086700000| Untracked 
| 104|0x0000000086800000, 0x0000000086900000, 0x0000000086900000|100%| O|  |TAMS 0x0000000086900000, 0x0000000086800000| Untracked 
| 105|0x0000000086900000, 0x0000000086a00000, 0x0000000086a00000|100%| O|  |TAMS 0x0000000086a00000, 0x0000000086900000| Untracked 
| 106|0x0000000086a00000, 0x0000000086b00000, 0x0000000086b00000|100%| O|  |TAMS 0x0000000086b00000, 0x0000000086a00000| Untracked 
| 107|0x0000000086b00000, 0x0000000086c00000, 0x0000000086c00000|100%| O|  |TAMS 0x0000000086b00000, 0x0000000086b00000| Untracked 
| 108|0x0000000086c00000, 0x0000000086d00000, 0x0000000086d00000|100%| O|  |TAMS 0x0000000086d00000, 0x0000000086c00000| Untracked 
| 109|0x0000000086d00000, 0x0000000086e00000, 0x0000000086e00000|100%| O|  |TAMS 0x0000000086d00000, 0x0000000086d00000| Untracked 
| 110|0x0000000086e00000, 0x0000000086f00000, 0x0000000086f00000|100%| O|  |TAMS 0x0000000086f00000, 0x0000000086e00000| Untracked 
| 111|0x0000000086f00000, 0x0000000087000000, 0x0000000087000000|100%| O|  |TAMS 0x0000000087000000, 0x0000000086f00000| Untracked 
| 112|0x0000000087000000, 0x0000000087100000, 0x0000000087100000|100%| O|  |TAMS 0x0000000087100000, 0x0000000087000000| Untracked 
| 113|0x0000000087100000, 0x0000000087200000, 0x0000000087200000|100%| O|  |TAMS 0x0000000087200000, 0x0000000087100000| Untracked 
| 114|0x0000000087200000, 0x0000000087300000, 0x0000000087300000|100%| O|  |TAMS 0x0000000087300000, 0x0000000087200000| Untracked 
| 115|0x0000000087300000, 0x0000000087400000, 0x0000000087400000|100%| O|  |TAMS 0x0000000087400000, 0x0000000087300000| Untracked 
| 116|0x0000000087400000, 0x0000000087500000, 0x0000000087500000|100%| O|  |TAMS 0x0000000087500000, 0x0000000087400000| Untracked 
| 117|0x0000000087500000, 0x0000000087600000, 0x0000000087600000|100%| O|  |TAMS 0x0000000087600000, 0x0000000087500000| Untracked 
| 118|0x0000000087600000, 0x0000000087700000, 0x0000000087700000|100%| O|  |TAMS 0x0000000087700000, 0x0000000087600000| Untracked 
| 119|0x0000000087700000, 0x0000000087800000, 0x0000000087800000|100%| O|  |TAMS 0x0000000087700000, 0x0000000087700000| Untracked 
| 120|0x0000000087800000, 0x0000000087900000, 0x0000000087900000|100%|HS|  |TAMS 0x0000000087900000, 0x0000000087800000| Complete 
| 121|0x0000000087900000, 0x0000000087a00000, 0x0000000087a00000|100%|HC|  |TAMS 0x0000000087a00000, 0x0000000087900000| Complete 
| 122|0x0000000087a00000, 0x0000000087b00000, 0x0000000087b00000|100%|HC|  |TAMS 0x0000000087b00000, 0x0000000087a00000| Complete 
| 123|0x0000000087b00000, 0x0000000087c00000, 0x0000000087c00000|100%|HC|  |TAMS 0x0000000087c00000, 0x0000000087b00000| Complete 
| 124|0x0000000087c00000, 0x0000000087d00000, 0x0000000087d00000|100%|HS|  |TAMS 0x0000000087d00000, 0x0000000087c00000| Complete 
| 125|0x0000000087d00000, 0x0000000087e00000, 0x0000000087e00000|100%|HC|  |TAMS 0x0000000087e00000, 0x0000000087d00000| Complete 
| 126|0x0000000087e00000, 0x0000000087f00000, 0x0000000087f00000|100%| O|  |TAMS 0x0000000087f00000, 0x0000000087e00000| Untracked 
| 127|0x0000000087f00000, 0x0000000088000000, 0x0000000088000000|100%| O|  |TAMS 0x0000000088000000, 0x0000000087f00000| Untracked 
| 128|0x0000000088000000, 0x0000000088100000, 0x0000000088100000|100%| O|  |TAMS 0x0000000088100000, 0x0000000088000000| Untracked 
| 129|0x0000000088100000, 0x0000000088200000, 0x0000000088200000|100%|HS|  |TAMS 0x0000000088200000, 0x0000000088100000| Complete 
| 130|0x0000000088200000, 0x0000000088300000, 0x0000000088300000|100%|HC|  |TAMS 0x0000000088300000, 0x0000000088200000| Complete 
| 131|0x0000000088300000, 0x0000000088400000, 0x0000000088400000|100%|HC|  |TAMS 0x0000000088400000, 0x0000000088300000| Complete 
| 132|0x0000000088400000, 0x0000000088500000, 0x0000000088500000|100%|HC|  |TAMS 0x0000000088500000, 0x0000000088400000| Complete 
| 133|0x0000000088500000, 0x0000000088600000, 0x0000000088600000|100%|HC|  |TAMS 0x0000000088600000, 0x0000000088500000| Complete 
| 134|0x0000000088600000, 0x0000000088700000, 0x0000000088700000|100%|HC|  |TAMS 0x0000000088700000, 0x0000000088600000| Complete 
| 135|0x0000000088700000, 0x0000000088800000, 0x0000000088800000|100%| O|  |TAMS 0x0000000088800000, 0x0000000088700000| Untracked 
| 136|0x0000000088800000, 0x0000000088900000, 0x0000000088900000|100%| O|  |TAMS 0x0000000088900000, 0x0000000088800000| Untracked 
| 137|0x0000000088900000, 0x0000000088a00000, 0x0000000088a00000|100%| O|  |TAMS 0x0000000088a00000, 0x0000000088900000| Untracked 
| 138|0x0000000088a00000, 0x0000000088b00000, 0x0000000088b00000|100%| O|  |TAMS 0x0000000088b00000, 0x0000000088a00000| Untracked 
| 139|0x0000000088b00000, 0x0000000088c00000, 0x0000000088c00000|100%| O|  |TAMS 0x0000000088b00000, 0x0000000088b00000| Untracked 
| 140|0x0000000088c00000, 0x0000000088d00000, 0x0000000088d00000|100%|HS|  |TAMS 0x0000000088d00000, 0x0000000088c00000| Complete 
| 141|0x0000000088d00000, 0x0000000088e00000, 0x0000000088e00000|100%|HC|  |TAMS 0x0000000088e00000, 0x0000000088d00000| Complete 
| 142|0x0000000088e00000, 0x0000000088f00000, 0x0000000088f00000|100%|HS|  |TAMS 0x0000000088f00000, 0x0000000088e00000| Complete 
| 143|0x0000000088f00000, 0x0000000089000000, 0x0000000089000000|100%| O|  |TAMS 0x0000000089000000, 0x0000000088f00000| Untracked 
| 144|0x0000000089000000, 0x0000000089100000, 0x0000000089100000|100%| O|  |TAMS 0x0000000089100000, 0x0000000089000000| Untracked 
| 145|0x0000000089100000, 0x0000000089200000, 0x0000000089200000|100%| O|  |TAMS 0x0000000089200000, 0x0000000089100000| Untracked 
| 146|0x0000000089200000, 0x0000000089300000, 0x0000000089300000|100%| O|  |TAMS 0x0000000089300000, 0x0000000089200000| Untracked 
| 147|0x0000000089300000, 0x0000000089400000, 0x0000000089400000|100%| O|  |TAMS 0x0000000089400000, 0x0000000089300000| Untracked 
| 148|0x0000000089400000, 0x0000000089500000, 0x0000000089500000|100%| O|  |TAMS 0x0000000089500000, 0x0000000089400000| Untracked 
| 149|0x0000000089500000, 0x0000000089600000, 0x0000000089600000|100%| O|  |TAMS 0x0000000089600000, 0x0000000089500000| Untracked 
| 150|0x0000000089600000, 0x0000000089700000, 0x0000000089700000|100%| O|  |TAMS 0x0000000089600000, 0x0000000089600000| Untracked 
| 151|0x0000000089700000, 0x0000000089800000, 0x0000000089800000|100%| O|  |TAMS 0x0000000089800000, 0x0000000089700000| Untracked 
| 152|0x0000000089800000, 0x0000000089900000, 0x0000000089900000|100%| O|  |TAMS 0x0000000089900000, 0x0000000089800000| Untracked 
| 153|0x0000000089900000, 0x0000000089a00000, 0x0000000089a00000|100%| O|  |TAMS 0x0000000089a00000, 0x0000000089900000| Untracked 
| 154|0x0000000089a00000, 0x0000000089b00000, 0x0000000089b00000|100%| O|  |TAMS 0x0000000089a00000, 0x0000000089a00000| Untracked 
| 155|0x0000000089b00000, 0x0000000089c00000, 0x0000000089c00000|100%| O|  |TAMS 0x0000000089b00000, 0x0000000089b00000| Untracked 
| 156|0x0000000089c00000, 0x0000000089d00000, 0x0000000089d00000|100%| O|  |TAMS 0x0000000089d00000, 0x0000000089c00000| Untracked 
| 157|0x0000000089d00000, 0x0000000089e00000, 0x0000000089e00000|100%|HS|  |TAMS 0x0000000089d00000, 0x0000000089d00000| Complete 
| 158|0x0000000089e00000, 0x0000000089f00000, 0x0000000089f00000|100%| O|  |TAMS 0x0000000089f00000, 0x0000000089e00000| Untracked 
| 159|0x0000000089f00000, 0x000000008a000000, 0x000000008a000000|100%| O|  |TAMS 0x000000008a000000, 0x0000000089f00000| Untracked 
| 160|0x000000008a000000, 0x000000008a100000, 0x000000008a100000|100%| O|  |TAMS 0x000000008a100000, 0x000000008a000000| Untracked 
| 161|0x000000008a100000, 0x000000008a200000, 0x000000008a200000|100%| O|  |TAMS 0x000000008a200000, 0x000000008a100000| Untracked 
| 162|0x000000008a200000, 0x000000008a300000, 0x000000008a300000|100%| O|  |TAMS 0x000000008a200000, 0x000000008a200000| Untracked 
| 163|0x000000008a300000, 0x000000008a400000, 0x000000008a400000|100%|HS|  |TAMS 0x000000008a300000, 0x000000008a300000| Complete 
| 164|0x000000008a400000, 0x000000008a500000, 0x000000008a500000|100%| O|  |TAMS 0x000000008a500000, 0x000000008a400000| Untracked 
| 165|0x000000008a500000, 0x000000008a600000, 0x000000008a600000|100%| O|  |TAMS 0x000000008a600000, 0x000000008a500000| Untracked 
| 166|0x000000008a600000, 0x000000008a700000, 0x000000008a700000|100%|HS|  |TAMS 0x000000008a600000, 0x000000008a600000| Complete 
| 167|0x000000008a700000, 0x000000008a800000, 0x000000008a800000|100%|HS|  |TAMS 0x000000008a700000, 0x000000008a700000| Complete 
| 168|0x000000008a800000, 0x000000008a900000, 0x000000008a900000|100%| O|  |TAMS 0x000000008a900000, 0x000000008a800000| Untracked 
| 169|0x000000008a900000, 0x000000008aa00000, 0x000000008aa00000|100%| O|  |TAMS 0x000000008aa00000, 0x000000008a900000| Untracked 
| 170|0x000000008aa00000, 0x000000008ab00000, 0x000000008ab00000|100%| O|  |TAMS 0x000000008ab00000, 0x000000008aa00000| Untracked 
| 171|0x000000008ab00000, 0x000000008ac00000, 0x000000008ac00000|100%| O|  |TAMS 0x000000008ac00000, 0x000000008ab00000| Untracked 
| 172|0x000000008ac00000, 0x000000008ad00000, 0x000000008ad00000|100%| O|  |TAMS 0x000000008ad00000, 0x000000008ac00000| Untracked 
| 173|0x000000008ad00000, 0x000000008ae00000, 0x000000008ae00000|100%| O|  |TAMS 0x000000008ae00000, 0x000000008ad00000| Untracked 
| 174|0x000000008ae00000, 0x000000008af00000, 0x000000008af00000|100%| O|  |TAMS 0x000000008af00000, 0x000000008ae00000| Untracked 
| 175|0x000000008af00000, 0x000000008b000000, 0x000000008b000000|100%| O|  |TAMS 0x000000008b000000, 0x000000008af00000| Untracked 
| 176|0x000000008b000000, 0x000000008b100000, 0x000000008b100000|100%|HS|  |TAMS 0x000000008b000000, 0x000000008b000000| Complete 
| 177|0x000000008b100000, 0x000000008b200000, 0x000000008b200000|100%| O|  |TAMS 0x000000008b200000, 0x000000008b100000| Untracked 
| 178|0x000000008b200000, 0x000000008b300000, 0x000000008b300000|100%| O|  |TAMS 0x000000008b300000, 0x000000008b200000| Untracked 
| 179|0x000000008b300000, 0x000000008b400000, 0x000000008b400000|100%| O|  |TAMS 0x000000008b400000, 0x000000008b300000| Untracked 
| 180|0x000000008b400000, 0x000000008b500000, 0x000000008b500000|100%| O|  |TAMS 0x000000008b500000, 0x000000008b400000| Untracked 
| 181|0x000000008b500000, 0x000000008b600000, 0x000000008b600000|100%| O|  |TAMS 0x000000008b600000, 0x000000008b500000| Untracked 
| 182|0x000000008b600000, 0x000000008b700000, 0x000000008b700000|100%| O|  |TAMS 0x000000008b700000, 0x000000008b600000| Untracked 
| 183|0x000000008b700000, 0x000000008b800000, 0x000000008b800000|100%| O|  |TAMS 0x000000008b700000, 0x000000008b700000| Untracked 
| 184|0x000000008b800000, 0x000000008b900000, 0x000000008b900000|100%| O|  |TAMS 0x000000008b900000, 0x000000008b800000| Untracked 
| 185|0x000000008b900000, 0x000000008ba00000, 0x000000008ba00000|100%|HS|  |TAMS 0x000000008b900000, 0x000000008b900000| Complete 
| 186|0x000000008ba00000, 0x000000008bb00000, 0x000000008bb00000|100%|HC|  |TAMS 0x000000008ba00000, 0x000000008ba00000| Complete 
| 187|0x000000008bb00000, 0x000000008bc00000, 0x000000008bc00000|100%| O|  |TAMS 0x000000008bc00000, 0x000000008bb00000| Untracked 
| 188|0x000000008bc00000, 0x000000008bd00000, 0x000000008bd00000|100%| O|  |TAMS 0x000000008bd00000, 0x000000008bc00000| Untracked 
| 189|0x000000008bd00000, 0x000000008be00000, 0x000000008be00000|100%| O|  |TAMS 0x000000008be00000, 0x000000008bd00000| Untracked 
| 190|0x000000008be00000, 0x000000008bf00000, 0x000000008bf00000|100%| O|  |TAMS 0x000000008bf00000, 0x000000008be00000| Untracked 
| 191|0x000000008bf00000, 0x000000008c000000, 0x000000008c000000|100%| O|  |TAMS 0x000000008c000000, 0x000000008bf00000| Untracked 
| 192|0x000000008c000000, 0x000000008c100000, 0x000000008c100000|100%| O|  |TAMS 0x000000008c100000, 0x000000008c000000| Untracked 
| 193|0x000000008c100000, 0x000000008c200000, 0x000000008c200000|100%| O|  |TAMS 0x000000008c200000, 0x000000008c100000| Untracked 
| 194|0x000000008c200000, 0x000000008c300000, 0x000000008c300000|100%| O|  |TAMS 0x000000008c300000, 0x000000008c200000| Untracked 
| 195|0x000000008c300000, 0x000000008c400000, 0x000000008c400000|100%| O|  |TAMS 0x000000008c300000, 0x000000008c300000| Untracked 
| 196|0x000000008c400000, 0x000000008c500000, 0x000000008c500000|100%| O|  |TAMS 0x000000008c500000, 0x000000008c400000| Untracked 
| 197|0x000000008c500000, 0x000000008c600000, 0x000000008c600000|100%| O|  |TAMS 0x000000008c600000, 0x000000008c500000| Untracked 
| 198|0x000000008c600000, 0x000000008c700000, 0x000000008c700000|100%| O|  |TAMS 0x000000008c700000, 0x000000008c600000| Untracked 
| 199|0x000000008c700000, 0x000000008c800000, 0x000000008c800000|100%| O|  |TAMS 0x000000008c800000, 0x000000008c700000| Untracked 
| 200|0x000000008c800000, 0x000000008c900000, 0x000000008c900000|100%| O|  |TAMS 0x000000008c900000, 0x000000008c800000| Untracked 
| 201|0x000000008c900000, 0x000000008ca00000, 0x000000008ca00000|100%|HS|  |TAMS 0x000000008c900000, 0x000000008c900000| Complete 
| 202|0x000000008ca00000, 0x000000008cb00000, 0x000000008cb00000|100%| O|  |TAMS 0x000000008ca00000, 0x000000008ca00000| Untracked 
| 203|0x000000008cb00000, 0x000000008cc00000, 0x000000008cc00000|100%|HS|  |TAMS 0x000000008cc00000, 0x000000008cb00000| Complete 
| 204|0x000000008cc00000, 0x000000008cd00000, 0x000000008cd00000|100%|HC|  |TAMS 0x000000008cd00000, 0x000000008cc00000| Complete 
| 205|0x000000008cd00000, 0x000000008ce00000, 0x000000008ce00000|100%|HC|  |TAMS 0x000000008ce00000, 0x000000008cd00000| Complete 
| 206|0x000000008ce00000, 0x000000008cf00000, 0x000000008cf00000|100%|HC|  |TAMS 0x000000008cf00000, 0x000000008ce00000| Complete 
| 207|0x000000008cf00000, 0x000000008d000000, 0x000000008d000000|100%| O|  |TAMS 0x000000008d000000, 0x000000008cf00000| Untracked 
| 208|0x000000008d000000, 0x000000008d100000, 0x000000008d100000|100%|HS|  |TAMS 0x000000008d000000, 0x000000008d000000| Complete 
| 209|0x000000008d100000, 0x000000008d200000, 0x000000008d200000|100%|HC|  |TAMS 0x000000008d100000, 0x000000008d100000| Complete 
| 210|0x000000008d200000, 0x000000008d300000, 0x000000008d300000|100%| O|  |TAMS 0x000000008d300000, 0x000000008d200000| Untracked 
| 211|0x000000008d300000, 0x000000008d400000, 0x000000008d400000|100%| O|  |TAMS 0x000000008d400000, 0x000000008d300000| Untracked 
| 212|0x000000008d400000, 0x000000008d500000, 0x000000008d500000|100%| O|  |TAMS 0x000000008d500000, 0x000000008d400000| Untracked 
| 213|0x000000008d500000, 0x000000008d600000, 0x000000008d600000|100%| O|  |TAMS 0x000000008d500000, 0x000000008d500000| Untracked 
| 214|0x000000008d600000, 0x000000008d700000, 0x000000008d700000|100%| O|  |TAMS 0x000000008d600000, 0x000000008d600000| Untracked 
| 215|0x000000008d700000, 0x000000008d800000, 0x000000008d800000|100%|HS|  |TAMS 0x000000008d700000, 0x000000008d700000| Complete 
| 216|0x000000008d800000, 0x000000008d900000, 0x000000008d900000|100%| O|  |TAMS 0x000000008d900000, 0x000000008d800000| Untracked 
| 217|0x000000008d900000, 0x000000008da00000, 0x000000008da00000|100%|HS|  |TAMS 0x000000008d900000, 0x000000008d900000| Complete 
| 218|0x000000008da00000, 0x000000008db00000, 0x000000008db00000|100%| O|  |TAMS 0x000000008db00000, 0x000000008da00000| Untracked 
| 219|0x000000008db00000, 0x000000008dc00000, 0x000000008dc00000|100%| O|  |TAMS 0x000000008dc00000, 0x000000008db00000| Untracked 
| 220|0x000000008dc00000, 0x000000008dd00000, 0x000000008dd00000|100%| O|  |TAMS 0x000000008dd00000, 0x000000008dc00000| Untracked 
| 221|0x000000008dd00000, 0x000000008de00000, 0x000000008de00000|100%| O|  |TAMS 0x000000008de00000, 0x000000008dd00000| Untracked 
| 222|0x000000008de00000, 0x000000008df00000, 0x000000008df00000|100%| O|  |TAMS 0x000000008df00000, 0x000000008de00000| Untracked 
| 223|0x000000008df00000, 0x000000008e000000, 0x000000008e000000|100%|HS|  |TAMS 0x000000008df00000, 0x000000008df00000| Complete 
| 224|0x000000008e000000, 0x000000008e100000, 0x000000008e100000|100%|HC|  |TAMS 0x000000008e000000, 0x000000008e000000| Complete 
| 225|0x000000008e100000, 0x000000008e200000, 0x000000008e200000|100%| O|  |TAMS 0x000000008e200000, 0x000000008e100000| Untracked 
| 226|0x000000008e200000, 0x000000008e300000, 0x000000008e300000|100%|HS|  |TAMS 0x000000008e200000, 0x000000008e200000| Complete 
| 227|0x000000008e300000, 0x000000008e400000, 0x000000008e400000|100%|HC|  |TAMS 0x000000008e300000, 0x000000008e300000| Complete 
| 228|0x000000008e400000, 0x000000008e400000, 0x000000008e500000|  0%| F|  |TAMS 0x000000008e400000, 0x000000008e400000| Untracked 
| 229|0x000000008e500000, 0x000000008e600000, 0x000000008e600000|100%| O|  |TAMS 0x000000008e600000, 0x000000008e500000| Untracked 
| 230|0x000000008e600000, 0x000000008e700000, 0x000000008e700000|100%|HS|  |TAMS 0x000000008e600000, 0x000000008e600000| Complete 
| 231|0x000000008e700000, 0x000000008e800000, 0x000000008e800000|100%|HS|  |TAMS 0x000000008e700000, 0x000000008e700000| Complete 
| 232|0x000000008e800000, 0x000000008e900000, 0x000000008e900000|100%|HS|  |TAMS 0x000000008e800000, 0x000000008e800000| Complete 
| 233|0x000000008e900000, 0x000000008ea00000, 0x000000008ea00000|100%|HC|  |TAMS 0x000000008e900000, 0x000000008e900000| Complete 
| 234|0x000000008ea00000, 0x000000008eb00000, 0x000000008eb00000|100%|HS|  |TAMS 0x000000008ea00000, 0x000000008ea00000| Complete 
| 235|0x000000008eb00000, 0x000000008ec00000, 0x000000008ec00000|100%|HS|  |TAMS 0x000000008eb00000, 0x000000008eb00000| Complete 
| 236|0x000000008ec00000, 0x000000008ed00000, 0x000000008ed00000|100%|HS|  |TAMS 0x000000008ec00000, 0x000000008ec00000| Complete 
| 237|0x000000008ed00000, 0x000000008ee00000, 0x000000008ee00000|100%|HC|  |TAMS 0x000000008ed00000, 0x000000008ed00000| Complete 
| 238|0x000000008ee00000, 0x000000008ef00000, 0x000000008ef00000|100%| O|  |TAMS 0x000000008ee00000, 0x000000008ee00000| Untracked 
| 239|0x000000008ef00000, 0x000000008ef00000, 0x000000008f000000|  0%| F|  |TAMS 0x000000008ef00000, 0x000000008ef00000| Untracked 
| 240|0x000000008f000000, 0x000000008f100000, 0x000000008f100000|100%| O|  |TAMS 0x000000008f100000, 0x000000008f000000| Untracked 
| 241|0x000000008f100000, 0x000000008f100000, 0x000000008f200000|  0%| F|  |TAMS 0x000000008f100000, 0x000000008f100000| Untracked 
| 242|0x000000008f200000, 0x000000008f200000, 0x000000008f300000|  0%| F|  |TAMS 0x000000008f200000, 0x000000008f200000| Untracked 
| 243|0x000000008f300000, 0x000000008f400000, 0x000000008f400000|100%| O|  |TAMS 0x000000008f400000, 0x000000008f300000| Untracked 
| 244|0x000000008f400000, 0x000000008f400000, 0x000000008f500000|  0%| F|  |TAMS 0x000000008f400000, 0x000000008f400000| Untracked 
| 245|0x000000008f500000, 0x000000008f600000, 0x000000008f600000|100%| O|  |TAMS 0x000000008f600000, 0x000000008f500000| Untracked 
| 246|0x000000008f600000, 0x000000008f700000, 0x000000008f700000|100%| O|  |TAMS 0x000000008f600000, 0x000000008f600000| Untracked 
| 247|0x000000008f700000, 0x000000008f800000, 0x000000008f800000|100%| O|  |TAMS 0x000000008f700000, 0x000000008f700000| Untracked 
| 248|0x000000008f800000, 0x000000008f900000, 0x000000008f900000|100%| O|  |TAMS 0x000000008f800000, 0x000000008f800000| Untracked 
| 249|0x000000008f900000, 0x000000008fa00000, 0x000000008fa00000|100%|HS|  |TAMS 0x000000008f900000, 0x000000008f900000| Complete 
| 250|0x000000008fa00000, 0x000000008fa00000, 0x000000008fb00000|  0%| F|  |TAMS 0x000000008fa00000, 0x000000008fa00000| Untracked 
| 251|0x000000008fb00000, 0x000000008fc00000, 0x000000008fc00000|100%| O|  |TAMS 0x000000008fb00000, 0x000000008fb00000| Untracked 
| 252|0x000000008fc00000, 0x000000008fc00000, 0x000000008fd00000|  0%| F|  |TAMS 0x000000008fc00000, 0x000000008fc00000| Untracked 
| 253|0x000000008fd00000, 0x000000008fd00000, 0x000000008fe00000|  0%| F|  |TAMS 0x000000008fd00000, 0x000000008fd00000| Untracked 
| 254|0x000000008fe00000, 0x000000008fe00000, 0x000000008ff00000|  0%| F|  |TAMS 0x000000008fe00000, 0x000000008fe00000| Untracked 
| 255|0x000000008ff00000, 0x0000000090000000, 0x0000000090000000|100%| O|  |TAMS 0x0000000090000000, 0x000000008ff00000| Untracked 
| 256|0x0000000090000000, 0x0000000090100000, 0x0000000090100000|100%|HS|  |TAMS 0x0000000090000000, 0x0000000090000000| Complete 
| 257|0x0000000090100000, 0x0000000090200000, 0x0000000090200000|100%| O|  |TAMS 0x0000000090200000, 0x0000000090100000| Untracked 
| 258|0x0000000090200000, 0x0000000090300000, 0x0000000090300000|100%| O|  |TAMS 0x0000000090300000, 0x0000000090200000| Untracked 
| 259|0x0000000090300000, 0x0000000090400000, 0x0000000090400000|100%| O|  |TAMS 0x0000000090400000, 0x0000000090300000| Untracked 
| 260|0x0000000090400000, 0x0000000090400000, 0x0000000090500000|  0%| F|  |TAMS 0x0000000090400000, 0x0000000090400000| Untracked 
| 261|0x0000000090500000, 0x0000000090500000, 0x0000000090600000|  0%| F|  |TAMS 0x0000000090500000, 0x0000000090500000| Untracked 
| 262|0x0000000090600000, 0x0000000090700000, 0x0000000090700000|100%| O|  |TAMS 0x0000000090600000, 0x0000000090600000| Untracked 
| 263|0x0000000090700000, 0x0000000090800000, 0x0000000090800000|100%| O|  |TAMS 0x0000000090800000, 0x0000000090700000| Untracked 
| 264|0x0000000090800000, 0x0000000090800000, 0x0000000090900000|  0%| F|  |TAMS 0x0000000090800000, 0x0000000090800000| Untracked 
| 265|0x0000000090900000, 0x0000000090a00000, 0x0000000090a00000|100%| O|  |TAMS 0x0000000090900000, 0x0000000090900000| Untracked 
| 266|0x0000000090a00000, 0x0000000090b00000, 0x0000000090b00000|100%| O|  |TAMS 0x0000000090a00000, 0x0000000090a00000| Untracked 
| 267|0x0000000090b00000, 0x0000000090c00000, 0x0000000090c00000|100%| O|  |TAMS 0x0000000090b00000, 0x0000000090b00000| Untracked 
| 268|0x0000000090c00000, 0x0000000090c00000, 0x0000000090d00000|  0%| F|  |TAMS 0x0000000090c00000, 0x0000000090c00000| Untracked 
| 269|0x0000000090d00000, 0x0000000090d00000, 0x0000000090e00000|  0%| F|  |TAMS 0x0000000090d00000, 0x0000000090d00000| Untracked 
| 270|0x0000000090e00000, 0x0000000090f00000, 0x0000000090f00000|100%| O|  |TAMS 0x0000000090f00000, 0x0000000090e00000| Untracked 
| 271|0x0000000090f00000, 0x0000000091000000, 0x0000000091000000|100%| O|  |TAMS 0x0000000091000000, 0x0000000090f00000| Untracked 
| 272|0x0000000091000000, 0x0000000091100000, 0x0000000091100000|100%| O|  |TAMS 0x0000000091000000, 0x0000000091000000| Untracked 
| 273|0x0000000091100000, 0x0000000091200000, 0x0000000091200000|100%| O|  |TAMS 0x0000000091100000, 0x0000000091100000| Untracked 
| 274|0x0000000091200000, 0x0000000091300000, 0x0000000091300000|100%| O|  |TAMS 0x0000000091300000, 0x0000000091200000| Untracked 
| 275|0x0000000091300000, 0x0000000091400000, 0x0000000091400000|100%| O|  |TAMS 0x0000000091300000, 0x0000000091300000| Untracked 
| 276|0x0000000091400000, 0x0000000091500000, 0x0000000091500000|100%| O|  |TAMS 0x0000000091400000, 0x0000000091400000| Untracked 
| 277|0x0000000091500000, 0x0000000091600000, 0x0000000091600000|100%| O|  |TAMS 0x0000000091500000, 0x0000000091500000| Untracked 
| 278|0x0000000091600000, 0x0000000091700000, 0x0000000091700000|100%| O|  |TAMS 0x0000000091600000, 0x0000000091600000| Untracked 
| 279|0x0000000091700000, 0x0000000091700000, 0x0000000091800000|  0%| F|  |TAMS 0x0000000091700000, 0x0000000091700000| Untracked 
| 280|0x0000000091800000, 0x0000000091900000, 0x0000000091900000|100%| O|  |TAMS 0x0000000091800000, 0x0000000091800000| Untracked 
| 281|0x0000000091900000, 0x0000000091900000, 0x0000000091a00000|  0%| F|  |TAMS 0x0000000091900000, 0x0000000091900000| Untracked 
| 282|0x0000000091a00000, 0x0000000091b00000, 0x0000000091b00000|100%| O|  |TAMS 0x0000000091b00000, 0x0000000091a00000| Untracked 
| 283|0x0000000091b00000, 0x0000000091c00000, 0x0000000091c00000|100%| O|  |TAMS 0x0000000091c00000, 0x0000000091b00000| Untracked 
| 284|0x0000000091c00000, 0x0000000091d00000, 0x0000000091d00000|100%| O|  |TAMS 0x0000000091d00000, 0x0000000091c00000| Untracked 
| 285|0x0000000091d00000, 0x0000000091e00000, 0x0000000091e00000|100%| O|  |TAMS 0x0000000091d00000, 0x0000000091d00000| Untracked 
| 286|0x0000000091e00000, 0x0000000091f00000, 0x0000000091f00000|100%| O|  |TAMS 0x0000000091e00000, 0x0000000091e00000| Untracked 
| 287|0x0000000091f00000, 0x0000000092000000, 0x0000000092000000|100%| O|  |TAMS 0x0000000091f00000, 0x0000000091f00000| Untracked 
| 288|0x0000000092000000, 0x0000000092000000, 0x0000000092100000|  0%| F|  |TAMS 0x0000000092000000, 0x0000000092000000| Untracked 
| 289|0x0000000092100000, 0x0000000092200000, 0x0000000092200000|100%| O|  |TAMS 0x0000000092200000, 0x0000000092100000| Untracked 
| 290|0x0000000092200000, 0x0000000092300000, 0x0000000092300000|100%| O|  |TAMS 0x0000000092300000, 0x0000000092200000| Untracked 
| 291|0x0000000092300000, 0x0000000092400000, 0x0000000092400000|100%| O|  |TAMS 0x0000000092300000, 0x0000000092300000| Untracked 
| 292|0x0000000092400000, 0x0000000092500000, 0x0000000092500000|100%| O|  |TAMS 0x0000000092400000, 0x0000000092400000| Untracked 
| 293|0x0000000092500000, 0x0000000092600000, 0x0000000092600000|100%| O|  |TAMS 0x0000000092500000, 0x0000000092500000| Untracked 
| 294|0x0000000092600000, 0x0000000092685000, 0x0000000092700000| 51%| O|  |TAMS 0x0000000092600000, 0x0000000092600000| Untracked 
| 295|0x0000000092700000, 0x0000000092700000, 0x0000000092800000|  0%| F|  |TAMS 0x0000000092700000, 0x0000000092700000| Untracked 
| 296|0x0000000092800000, 0x0000000092800000, 0x0000000092900000|  0%| F|  |TAMS 0x0000000092800000, 0x0000000092800000| Untracked 
| 297|0x0000000092900000, 0x0000000092900000, 0x0000000092a00000|  0%| F|  |TAMS 0x0000000092900000, 0x0000000092900000| Untracked 
| 298|0x0000000092a00000, 0x0000000092a00000, 0x0000000092b00000|  0%| F|  |TAMS 0x0000000092a00000, 0x0000000092a00000| Untracked 
| 299|0x0000000092b00000, 0x0000000092b00000, 0x0000000092c00000|  0%| F|  |TAMS 0x0000000092b00000, 0x0000000092b00000| Untracked 
| 300|0x0000000092c00000, 0x0000000092c00000, 0x0000000092d00000|  0%| F|  |TAMS 0x0000000092c00000, 0x0000000092c00000| Untracked 
| 301|0x0000000092d00000, 0x0000000092d00000, 0x0000000092e00000|  0%| F|  |TAMS 0x0000000092d00000, 0x0000000092d00000| Untracked 
| 302|0x0000000092e00000, 0x0000000092e00000, 0x0000000092f00000|  0%| F|  |TAMS 0x0000000092e00000, 0x0000000092e00000| Untracked 
| 303|0x0000000092f00000, 0x0000000092f00000, 0x0000000093000000|  0%| F|  |TAMS 0x0000000092f00000, 0x0000000092f00000| Untracked 
| 304|0x0000000093000000, 0x0000000093000000, 0x0000000093100000|  0%| F|  |TAMS 0x0000000093000000, 0x0000000093000000| Untracked 
| 305|0x0000000093100000, 0x0000000093100000, 0x0000000093200000|  0%| F|  |TAMS 0x0000000093100000, 0x0000000093100000| Untracked 
| 306|0x0000000093200000, 0x0000000093200000, 0x0000000093300000|  0%| F|  |TAMS 0x0000000093200000, 0x0000000093200000| Untracked 
| 307|0x0000000093300000, 0x0000000093300000, 0x0000000093400000|  0%| F|  |TAMS 0x0000000093300000, 0x0000000093300000| Untracked 
| 308|0x0000000093400000, 0x0000000093400000, 0x0000000093500000|  0%| F|  |TAMS 0x0000000093400000, 0x0000000093400000| Untracked 
| 309|0x0000000093500000, 0x0000000093500000, 0x0000000093600000|  0%| F|  |TAMS 0x0000000093500000, 0x0000000093500000| Untracked 
| 310|0x0000000093600000, 0x0000000093600000, 0x0000000093700000|  0%| F|  |TAMS 0x0000000093600000, 0x0000000093600000| Untracked 
| 311|0x0000000093700000, 0x0000000093700000, 0x0000000093800000|  0%| F|  |TAMS 0x0000000093700000, 0x0000000093700000| Untracked 
| 312|0x0000000093800000, 0x0000000093800000, 0x0000000093900000|  0%| F|  |TAMS 0x0000000093800000, 0x0000000093800000| Untracked 
| 313|0x0000000093900000, 0x0000000093900000, 0x0000000093a00000|  0%| F|  |TAMS 0x0000000093900000, 0x0000000093900000| Untracked 
| 314|0x0000000093a00000, 0x0000000093a00000, 0x0000000093b00000|  0%| F|  |TAMS 0x0000000093a00000, 0x0000000093a00000| Untracked 
| 315|0x0000000093b00000, 0x0000000093b00000, 0x0000000093c00000|  0%| F|  |TAMS 0x0000000093b00000, 0x0000000093b00000| Untracked 
| 316|0x0000000093c00000, 0x0000000093c00000, 0x0000000093d00000|  0%| F|  |TAMS 0x0000000093c00000, 0x0000000093c00000| Untracked 
| 317|0x0000000093d00000, 0x0000000093d00000, 0x0000000093e00000|  0%| F|  |TAMS 0x0000000093d00000, 0x0000000093d00000| Untracked 
| 318|0x0000000093e00000, 0x0000000093e00000, 0x0000000093f00000|  0%| F|  |TAMS 0x0000000093e00000, 0x0000000093e00000| Untracked 
| 319|0x0000000093f00000, 0x0000000093f00000, 0x0000000094000000|  0%| F|  |TAMS 0x0000000093f00000, 0x0000000093f00000| Untracked 
| 320|0x0000000094000000, 0x0000000094000000, 0x0000000094100000|  0%| F|  |TAMS 0x0000000094000000, 0x0000000094000000| Untracked 
| 321|0x0000000094100000, 0x0000000094100000, 0x0000000094200000|  0%| F|  |TAMS 0x0000000094100000, 0x0000000094100000| Untracked 
| 322|0x0000000094200000, 0x0000000094200000, 0x0000000094300000|  0%| F|  |TAMS 0x0000000094200000, 0x0000000094200000| Untracked 
| 323|0x0000000094300000, 0x0000000094300000, 0x0000000094400000|  0%| F|  |TAMS 0x0000000094300000, 0x0000000094300000| Untracked 
| 324|0x0000000094400000, 0x0000000094400000, 0x0000000094500000|  0%| F|  |TAMS 0x0000000094400000, 0x0000000094400000| Untracked 
| 325|0x0000000094500000, 0x0000000094500000, 0x0000000094600000|  0%| F|  |TAMS 0x0000000094500000, 0x0000000094500000| Untracked 
| 326|0x0000000094600000, 0x0000000094600000, 0x0000000094700000|  0%| F|  |TAMS 0x0000000094600000, 0x0000000094600000| Untracked 
| 327|0x0000000094700000, 0x0000000094700000, 0x0000000094800000|  0%| F|  |TAMS 0x0000000094700000, 0x0000000094700000| Untracked 
| 328|0x0000000094800000, 0x0000000094800000, 0x0000000094900000|  0%| F|  |TAMS 0x0000000094800000, 0x0000000094800000| Untracked 
| 329|0x0000000094900000, 0x0000000094900000, 0x0000000094a00000|  0%| F|  |TAMS 0x0000000094900000, 0x0000000094900000| Untracked 
| 330|0x0000000094a00000, 0x0000000094a00000, 0x0000000094b00000|  0%| F|  |TAMS 0x0000000094a00000, 0x0000000094a00000| Untracked 
| 331|0x0000000094b00000, 0x0000000094b00000, 0x0000000094c00000|  0%| F|  |TAMS 0x0000000094b00000, 0x0000000094b00000| Untracked 
| 332|0x0000000094c00000, 0x0000000094c00000, 0x0000000094d00000|  0%| F|  |TAMS 0x0000000094c00000, 0x0000000094c00000| Untracked 
| 333|0x0000000094d00000, 0x0000000094d00000, 0x0000000094e00000|  0%| F|  |TAMS 0x0000000094d00000, 0x0000000094d00000| Untracked 
| 334|0x0000000094e00000, 0x0000000094e00000, 0x0000000094f00000|  0%| F|  |TAMS 0x0000000094e00000, 0x0000000094e00000| Untracked 
| 335|0x0000000094f00000, 0x0000000094f00000, 0x0000000095000000|  0%| F|  |TAMS 0x0000000094f00000, 0x0000000094f00000| Untracked 
| 336|0x0000000095000000, 0x0000000095000000, 0x0000000095100000|  0%| F|  |TAMS 0x0000000095000000, 0x0000000095000000| Untracked 
| 337|0x0000000095100000, 0x0000000095100000, 0x0000000095200000|  0%| F|  |TAMS 0x0000000095100000, 0x0000000095100000| Untracked 
| 338|0x0000000095200000, 0x0000000095200000, 0x0000000095300000|  0%| F|  |TAMS 0x0000000095200000, 0x0000000095200000| Untracked 
| 339|0x0000000095300000, 0x0000000095300000, 0x0000000095400000|  0%| F|  |TAMS 0x0000000095300000, 0x0000000095300000| Untracked 
| 340|0x0000000095400000, 0x0000000095400000, 0x0000000095500000|  0%| F|  |TAMS 0x0000000095400000, 0x0000000095400000| Untracked 
| 341|0x0000000095500000, 0x0000000095500000, 0x0000000095600000|  0%| F|  |TAMS 0x0000000095500000, 0x0000000095500000| Untracked 
| 342|0x0000000095600000, 0x0000000095600000, 0x0000000095700000|  0%| F|  |TAMS 0x0000000095600000, 0x0000000095600000| Untracked 
| 343|0x0000000095700000, 0x0000000095700000, 0x0000000095800000|  0%| F|  |TAMS 0x0000000095700000, 0x0000000095700000| Untracked 
| 344|0x0000000095800000, 0x0000000095800000, 0x0000000095900000|  0%| F|  |TAMS 0x0000000095800000, 0x0000000095800000| Untracked 
| 345|0x0000000095900000, 0x0000000095a00000, 0x0000000095a00000|100%|HS|  |TAMS 0x0000000095900000, 0x0000000095900000| Complete 
| 346|0x0000000095a00000, 0x0000000095b00000, 0x0000000095b00000|100%|HC|  |TAMS 0x0000000095a00000, 0x0000000095a00000| Complete 
| 347|0x0000000095b00000, 0x0000000095b00000, 0x0000000095c00000|  0%| F|  |TAMS 0x0000000095b00000, 0x0000000095b00000| Untracked 
| 348|0x0000000095c00000, 0x0000000095c00000, 0x0000000095d00000|  0%| F|  |TAMS 0x0000000095c00000, 0x0000000095c00000| Untracked 
| 349|0x0000000095d00000, 0x0000000095d00000, 0x0000000095e00000|  0%| F|  |TAMS 0x0000000095d00000, 0x0000000095d00000| Untracked 
| 350|0x0000000095e00000, 0x0000000095e00000, 0x0000000095f00000|  0%| F|  |TAMS 0x0000000095e00000, 0x0000000095e00000| Untracked 
| 351|0x0000000095f00000, 0x0000000095f00000, 0x0000000096000000|  0%| F|  |TAMS 0x0000000095f00000, 0x0000000095f00000| Untracked 
| 352|0x0000000096000000, 0x0000000096000000, 0x0000000096100000|  0%| F|  |TAMS 0x0000000096000000, 0x0000000096000000| Untracked 
| 353|0x0000000096100000, 0x0000000096200000, 0x0000000096200000|100%| O|  |TAMS 0x0000000096200000, 0x0000000096100000| Untracked 
| 354|0x0000000096200000, 0x0000000096200000, 0x0000000096300000|  0%| F|  |TAMS 0x0000000096200000, 0x0000000096200000| Untracked 
| 355|0x0000000096300000, 0x0000000096300000, 0x0000000096400000|  0%| F|  |TAMS 0x0000000096300000, 0x0000000096300000| Untracked 
| 356|0x0000000096400000, 0x0000000096400000, 0x0000000096500000|  0%| F|  |TAMS 0x0000000096400000, 0x0000000096400000| Untracked 
| 357|0x0000000096500000, 0x0000000096500000, 0x0000000096600000|  0%| F|  |TAMS 0x0000000096500000, 0x0000000096500000| Untracked 
| 358|0x0000000096600000, 0x0000000096600000, 0x0000000096700000|  0%| F|  |TAMS 0x0000000096600000, 0x0000000096600000| Untracked 
| 359|0x0000000096700000, 0x0000000096700000, 0x0000000096800000|  0%| F|  |TAMS 0x0000000096700000, 0x0000000096700000| Untracked 
| 360|0x0000000096800000, 0x0000000096900000, 0x0000000096900000|100%| O|  |TAMS 0x0000000096900000, 0x0000000096800000| Untracked 
| 361|0x0000000096900000, 0x0000000096a00000, 0x0000000096a00000|100%| O|  |TAMS 0x0000000096a00000, 0x0000000096900000| Untracked 
| 362|0x0000000096a00000, 0x0000000096a00000, 0x0000000096b00000|  0%| F|  |TAMS 0x0000000096a00000, 0x0000000096a00000| Untracked 
| 363|0x0000000096b00000, 0x0000000096b00000, 0x0000000096c00000|  0%| F|  |TAMS 0x0000000096b00000, 0x0000000096b00000| Untracked 
| 364|0x0000000096c00000, 0x0000000096c00000, 0x0000000096d00000|  0%| F|  |TAMS 0x0000000096c00000, 0x0000000096c00000| Untracked 
| 365|0x0000000096d00000, 0x0000000096d00000, 0x0000000096e00000|  0%| F|  |TAMS 0x0000000096d00000, 0x0000000096d00000| Untracked 
| 366|0x0000000096e00000, 0x0000000096e00000, 0x0000000096f00000|  0%| F|  |TAMS 0x0000000096e00000, 0x0000000096e00000| Untracked 
| 367|0x0000000096f00000, 0x0000000096f00000, 0x0000000097000000|  0%| F|  |TAMS 0x0000000096f00000, 0x0000000096f00000| Untracked 
| 368|0x0000000097000000, 0x0000000097000000, 0x0000000097100000|  0%| F|  |TAMS 0x0000000097000000, 0x0000000097000000| Untracked 
| 369|0x0000000097100000, 0x0000000097100000, 0x0000000097200000|  0%| F|  |TAMS 0x0000000097100000, 0x0000000097100000| Untracked 
| 370|0x0000000097200000, 0x0000000097200000, 0x0000000097300000|  0%| F|  |TAMS 0x0000000097200000, 0x0000000097200000| Untracked 
| 371|0x0000000097300000, 0x0000000097300000, 0x0000000097400000|  0%| F|  |TAMS 0x0000000097300000, 0x0000000097300000| Untracked 
| 372|0x0000000097400000, 0x0000000097400000, 0x0000000097500000|  0%| F|  |TAMS 0x0000000097400000, 0x0000000097400000| Untracked 
| 373|0x0000000097500000, 0x0000000097500000, 0x0000000097600000|  0%| F|  |TAMS 0x0000000097500000, 0x0000000097500000| Untracked 
| 374|0x0000000097600000, 0x0000000097600000, 0x0000000097700000|  0%| F|  |TAMS 0x0000000097600000, 0x0000000097600000| Untracked 
| 375|0x0000000097700000, 0x0000000097700000, 0x0000000097800000|  0%| F|  |TAMS 0x0000000097700000, 0x0000000097700000| Untracked 
| 376|0x0000000097800000, 0x0000000097800000, 0x0000000097900000|  0%| F|  |TAMS 0x0000000097800000, 0x0000000097800000| Untracked 
| 377|0x0000000097900000, 0x0000000097900000, 0x0000000097a00000|  0%| F|  |TAMS 0x0000000097900000, 0x0000000097900000| Untracked 
| 378|0x0000000097a00000, 0x0000000097a00000, 0x0000000097b00000|  0%| F|  |TAMS 0x0000000097a00000, 0x0000000097a00000| Untracked 
| 379|0x0000000097b00000, 0x0000000097b00000, 0x0000000097c00000|  0%| F|  |TAMS 0x0000000097b00000, 0x0000000097b00000| Untracked 
| 380|0x0000000097c00000, 0x0000000097c00000, 0x0000000097d00000|  0%| F|  |TAMS 0x0000000097c00000, 0x0000000097c00000| Untracked 
| 381|0x0000000097d00000, 0x0000000097d00000, 0x0000000097e00000|  0%| F|  |TAMS 0x0000000097d00000, 0x0000000097d00000| Untracked 
| 382|0x0000000097e00000, 0x0000000097e00000, 0x0000000097f00000|  0%| F|  |TAMS 0x0000000097e00000, 0x0000000097e00000| Untracked 
| 383|0x0000000097f00000, 0x0000000097f00000, 0x0000000098000000|  0%| F|  |TAMS 0x0000000097f00000, 0x0000000097f00000| Untracked 
| 384|0x0000000098000000, 0x0000000098000000, 0x0000000098100000|  0%| F|  |TAMS 0x0000000098000000, 0x0000000098000000| Untracked 
| 385|0x0000000098100000, 0x0000000098100000, 0x0000000098200000|  0%| F|  |TAMS 0x0000000098100000, 0x0000000098100000| Untracked 
| 386|0x0000000098200000, 0x0000000098200000, 0x0000000098300000|  0%| F|  |TAMS 0x0000000098200000, 0x0000000098200000| Untracked 
| 387|0x0000000098300000, 0x0000000098300000, 0x0000000098400000|  0%| F|  |TAMS 0x0000000098300000, 0x0000000098300000| Untracked 
| 388|0x0000000098400000, 0x0000000098400000, 0x0000000098500000|  0%| F|  |TAMS 0x0000000098400000, 0x0000000098400000| Untracked 
| 389|0x0000000098500000, 0x0000000098500000, 0x0000000098600000|  0%| F|  |TAMS 0x0000000098500000, 0x0000000098500000| Untracked 
| 390|0x0000000098600000, 0x0000000098600000, 0x0000000098700000|  0%| F|  |TAMS 0x0000000098600000, 0x0000000098600000| Untracked 
| 391|0x0000000098700000, 0x0000000098700000, 0x0000000098800000|  0%| F|  |TAMS 0x0000000098700000, 0x0000000098700000| Untracked 
| 392|0x0000000098800000, 0x0000000098800000, 0x0000000098900000|  0%| F|  |TAMS 0x0000000098800000, 0x0000000098800000| Untracked 
| 393|0x0000000098900000, 0x0000000098900000, 0x0000000098a00000|  0%| F|  |TAMS 0x0000000098900000, 0x0000000098900000| Untracked 
| 394|0x0000000098a00000, 0x0000000098a00000, 0x0000000098b00000|  0%| F|  |TAMS 0x0000000098a00000, 0x0000000098a00000| Untracked 
| 395|0x0000000098b00000, 0x0000000098b00000, 0x0000000098c00000|  0%| F|  |TAMS 0x0000000098b00000, 0x0000000098b00000| Untracked 
| 396|0x0000000098c00000, 0x0000000098c00000, 0x0000000098d00000|  0%| F|  |TAMS 0x0000000098c00000, 0x0000000098c00000| Untracked 
| 397|0x0000000098d00000, 0x0000000098d00000, 0x0000000098e00000|  0%| F|  |TAMS 0x0000000098d00000, 0x0000000098d00000| Untracked 
| 398|0x0000000098e00000, 0x0000000098e00000, 0x0000000098f00000|  0%| F|  |TAMS 0x0000000098e00000, 0x0000000098e00000| Untracked 
| 399|0x0000000098f00000, 0x0000000098f00000, 0x0000000099000000|  0%| F|  |TAMS 0x0000000098f00000, 0x0000000098f00000| Untracked 
| 400|0x0000000099000000, 0x0000000099000000, 0x0000000099100000|  0%| F|  |TAMS 0x0000000099000000, 0x0000000099000000| Untracked 
| 401|0x0000000099100000, 0x0000000099100000, 0x0000000099200000|  0%| F|  |TAMS 0x0000000099100000, 0x0000000099100000| Untracked 
| 402|0x0000000099200000, 0x0000000099200000, 0x0000000099300000|  0%| F|  |TAMS 0x0000000099200000, 0x0000000099200000| Untracked 
| 403|0x0000000099300000, 0x0000000099300000, 0x0000000099400000|  0%| F|  |TAMS 0x0000000099300000, 0x0000000099300000| Untracked 
| 404|0x0000000099400000, 0x0000000099400000, 0x0000000099500000|  0%| F|  |TAMS 0x0000000099400000, 0x0000000099400000| Untracked 
| 405|0x0000000099500000, 0x0000000099500000, 0x0000000099600000|  0%| F|  |TAMS 0x0000000099500000, 0x0000000099500000| Untracked 
| 406|0x0000000099600000, 0x0000000099600000, 0x0000000099700000|  0%| F|  |TAMS 0x0000000099600000, 0x0000000099600000| Untracked 
| 407|0x0000000099700000, 0x0000000099700000, 0x0000000099800000|  0%| F|  |TAMS 0x0000000099700000, 0x0000000099700000| Untracked 
| 408|0x0000000099800000, 0x0000000099800000, 0x0000000099900000|  0%| F|  |TAMS 0x0000000099800000, 0x0000000099800000| Untracked 
| 409|0x0000000099900000, 0x0000000099900000, 0x0000000099a00000|  0%| F|  |TAMS 0x0000000099900000, 0x0000000099900000| Untracked 
| 410|0x0000000099a00000, 0x0000000099a00000, 0x0000000099b00000|  0%| F|  |TAMS 0x0000000099a00000, 0x0000000099a00000| Untracked 
| 411|0x0000000099b00000, 0x0000000099b00000, 0x0000000099c00000|  0%| F|  |TAMS 0x0000000099b00000, 0x0000000099b00000| Untracked 
| 412|0x0000000099c00000, 0x0000000099c00000, 0x0000000099d00000|  0%| F|  |TAMS 0x0000000099c00000, 0x0000000099c00000| Untracked 
| 413|0x0000000099d00000, 0x0000000099d00000, 0x0000000099e00000|  0%| F|  |TAMS 0x0000000099d00000, 0x0000000099d00000| Untracked 
| 414|0x0000000099e00000, 0x0000000099e00000, 0x0000000099f00000|  0%| F|  |TAMS 0x0000000099e00000, 0x0000000099e00000| Untracked 
| 415|0x0000000099f00000, 0x0000000099f00000, 0x000000009a000000|  0%| F|  |TAMS 0x0000000099f00000, 0x0000000099f00000| Untracked 
| 416|0x000000009a000000, 0x000000009a000000, 0x000000009a100000|  0%| F|  |TAMS 0x000000009a000000, 0x000000009a000000| Untracked 
| 417|0x000000009a100000, 0x000000009a100000, 0x000000009a200000|  0%| F|  |TAMS 0x000000009a100000, 0x000000009a100000| Untracked 
| 418|0x000000009a200000, 0x000000009a200000, 0x000000009a300000|  0%| F|  |TAMS 0x000000009a200000, 0x000000009a200000| Untracked 
| 419|0x000000009a300000, 0x000000009a300000, 0x000000009a400000|  0%| F|  |TAMS 0x000000009a300000, 0x000000009a300000| Untracked 
| 420|0x000000009a400000, 0x000000009a400000, 0x000000009a500000|  0%| F|  |TAMS 0x000000009a400000, 0x000000009a400000| Untracked 
| 421|0x000000009a500000, 0x000000009a600000, 0x000000009a600000|100%| O|  |TAMS 0x000000009a600000, 0x000000009a500000| Untracked 
| 422|0x000000009a600000, 0x000000009a600000, 0x000000009a700000|  0%| F|  |TAMS 0x000000009a600000, 0x000000009a600000| Untracked 
| 423|0x000000009a700000, 0x000000009a800000, 0x000000009a800000|100%| O|  |TAMS 0x000000009a800000, 0x000000009a700000| Untracked 
| 424|0x000000009a800000, 0x000000009a900000, 0x000000009a900000|100%| O|  |TAMS 0x000000009a900000, 0x000000009a800000| Untracked 
| 425|0x000000009a900000, 0x000000009aa00000, 0x000000009aa00000|100%| O|  |TAMS 0x000000009aa00000, 0x000000009a900000| Untracked 
| 426|0x000000009aa00000, 0x000000009ab00000, 0x000000009ab00000|100%| O|  |TAMS 0x000000009ab00000, 0x000000009aa00000| Untracked 
| 427|0x000000009ab00000, 0x000000009ac00000, 0x000000009ac00000|100%| O|  |TAMS 0x000000009ac00000, 0x000000009ab00000| Untracked 
| 428|0x000000009ac00000, 0x000000009ac00000, 0x000000009ad00000|  0%| F|  |TAMS 0x000000009ac00000, 0x000000009ac00000| Untracked 
| 429|0x000000009ad00000, 0x000000009ad00000, 0x000000009ae00000|  0%| F|  |TAMS 0x000000009ad00000, 0x000000009ad00000| Untracked 
| 430|0x000000009ae00000, 0x000000009ae00000, 0x000000009af00000|  0%| F|  |TAMS 0x000000009ae00000, 0x000000009ae00000| Untracked 
| 431|0x000000009af00000, 0x000000009af00000, 0x000000009b000000|  0%| F|  |TAMS 0x000000009af00000, 0x000000009af00000| Untracked 
| 432|0x000000009b000000, 0x000000009b000000, 0x000000009b100000|  0%| F|  |TAMS 0x000000009b000000, 0x000000009b000000| Untracked 
| 433|0x000000009b100000, 0x000000009b100000, 0x000000009b200000|  0%| F|  |TAMS 0x000000009b100000, 0x000000009b100000| Untracked 
| 434|0x000000009b200000, 0x000000009b200000, 0x000000009b300000|  0%| F|  |TAMS 0x000000009b200000, 0x000000009b200000| Untracked 
| 435|0x000000009b300000, 0x000000009b300000, 0x000000009b400000|  0%| F|  |TAMS 0x000000009b300000, 0x000000009b300000| Untracked 
| 436|0x000000009b400000, 0x000000009b400000, 0x000000009b500000|  0%| F|  |TAMS 0x000000009b400000, 0x000000009b400000| Untracked 
| 437|0x000000009b500000, 0x000000009b500000, 0x000000009b600000|  0%| F|  |TAMS 0x000000009b500000, 0x000000009b500000| Untracked 
| 438|0x000000009b600000, 0x000000009b600000, 0x000000009b700000|  0%| F|  |TAMS 0x000000009b600000, 0x000000009b600000| Untracked 
| 439|0x000000009b700000, 0x000000009b700000, 0x000000009b800000|  0%| F|  |TAMS 0x000000009b700000, 0x000000009b700000| Untracked 
| 440|0x000000009b800000, 0x000000009b800000, 0x000000009b900000|  0%| F|  |TAMS 0x000000009b800000, 0x000000009b800000| Untracked 
| 441|0x000000009b900000, 0x000000009b900000, 0x000000009ba00000|  0%| F|  |TAMS 0x000000009b900000, 0x000000009b900000| Untracked 
| 442|0x000000009ba00000, 0x000000009ba00000, 0x000000009bb00000|  0%| F|  |TAMS 0x000000009ba00000, 0x000000009ba00000| Untracked 
| 443|0x000000009bb00000, 0x000000009bb00000, 0x000000009bc00000|  0%| F|  |TAMS 0x000000009bb00000, 0x000000009bb00000| Untracked 
| 444|0x000000009bc00000, 0x000000009bc00000, 0x000000009bd00000|  0%| F|  |TAMS 0x000000009bc00000, 0x000000009bc00000| Untracked 
| 445|0x000000009bd00000, 0x000000009bd00000, 0x000000009be00000|  0%| F|  |TAMS 0x000000009bd00000, 0x000000009bd00000| Untracked 
| 446|0x000000009be00000, 0x000000009be00000, 0x000000009bf00000|  0%| F|  |TAMS 0x000000009be00000, 0x000000009be00000| Untracked 
| 447|0x000000009bf00000, 0x000000009bf00000, 0x000000009c000000|  0%| F|  |TAMS 0x000000009bf00000, 0x000000009bf00000| Untracked 
| 448|0x000000009c000000, 0x000000009c100000, 0x000000009c100000|100%| O|  |TAMS 0x000000009c100000, 0x000000009c000000| Untracked 
| 449|0x000000009c100000, 0x000000009c200000, 0x000000009c200000|100%| O|  |TAMS 0x000000009c200000, 0x000000009c100000| Untracked 
| 450|0x000000009c200000, 0x000000009c200000, 0x000000009c300000|  0%| F|  |TAMS 0x000000009c200000, 0x000000009c200000| Untracked 
| 451|0x000000009c300000, 0x000000009c300000, 0x000000009c400000|  0%| F|  |TAMS 0x000000009c300000, 0x000000009c300000| Untracked 
| 452|0x000000009c400000, 0x000000009c500000, 0x000000009c500000|100%| O|  |TAMS 0x000000009c500000, 0x000000009c400000| Untracked 
| 453|0x000000009c500000, 0x000000009c600000, 0x000000009c600000|100%| O|  |TAMS 0x000000009c600000, 0x000000009c500000| Untracked 
| 454|0x000000009c600000, 0x000000009c700000, 0x000000009c700000|100%| O|  |TAMS 0x000000009c700000, 0x000000009c600000| Untracked 
| 455|0x000000009c700000, 0x000000009c800000, 0x000000009c800000|100%| O|  |TAMS 0x000000009c800000, 0x000000009c700000| Untracked 
| 456|0x000000009c800000, 0x000000009c900000, 0x000000009c900000|100%| O|  |TAMS 0x000000009c900000, 0x000000009c800000| Untracked 
| 457|0x000000009c900000, 0x000000009ca00000, 0x000000009ca00000|100%| O|  |TAMS 0x000000009ca00000, 0x000000009c900000| Untracked 
| 458|0x000000009ca00000, 0x000000009cb00000, 0x000000009cb00000|100%| O|  |TAMS 0x000000009cb00000, 0x000000009ca00000| Untracked 
| 459|0x000000009cb00000, 0x000000009cc00000, 0x000000009cc00000|100%| O|  |TAMS 0x000000009cc00000, 0x000000009cb00000| Untracked 
| 460|0x000000009cc00000, 0x000000009cc00000, 0x000000009cd00000|  0%| F|  |TAMS 0x000000009cc00000, 0x000000009cc00000| Untracked 
| 461|0x000000009cd00000, 0x000000009ce00000, 0x000000009ce00000|100%| O|  |TAMS 0x000000009ce00000, 0x000000009cd00000| Untracked 
| 462|0x000000009ce00000, 0x000000009cf00000, 0x000000009cf00000|100%| O|  |TAMS 0x000000009cf00000, 0x000000009ce00000| Untracked 
| 463|0x000000009cf00000, 0x000000009cf00000, 0x000000009d000000|  0%| F|  |TAMS 0x000000009cf00000, 0x000000009cf00000| Untracked 
| 464|0x000000009d000000, 0x000000009d100000, 0x000000009d100000|100%|HS|  |TAMS 0x000000009d100000, 0x000000009d000000| Complete 
| 465|0x000000009d100000, 0x000000009d200000, 0x000000009d200000|100%|HC|  |TAMS 0x000000009d200000, 0x000000009d100000| Complete 
| 466|0x000000009d200000, 0x000000009d200000, 0x000000009d300000|  0%| F|  |TAMS 0x000000009d200000, 0x000000009d200000| Untracked 
| 467|0x000000009d300000, 0x000000009d300000, 0x000000009d400000|  0%| F|  |TAMS 0x000000009d300000, 0x000000009d300000| Untracked 
| 468|0x000000009d400000, 0x000000009d400000, 0x000000009d500000|  0%| F|  |TAMS 0x000000009d400000, 0x000000009d400000| Untracked 
| 469|0x000000009d500000, 0x000000009d500000, 0x000000009d600000|  0%| F|  |TAMS 0x000000009d500000, 0x000000009d500000| Untracked 
| 470|0x000000009d600000, 0x000000009d600000, 0x000000009d700000|  0%| F|  |TAMS 0x000000009d600000, 0x000000009d600000| Untracked 
| 471|0x000000009d700000, 0x000000009d700000, 0x000000009d800000|  0%| F|  |TAMS 0x000000009d700000, 0x000000009d700000| Untracked 
| 472|0x000000009d800000, 0x000000009d800000, 0x000000009d900000|  0%| F|  |TAMS 0x000000009d800000, 0x000000009d800000| Untracked 
| 473|0x000000009d900000, 0x000000009d900000, 0x000000009da00000|  0%| F|  |TAMS 0x000000009d900000, 0x000000009d900000| Untracked 
| 474|0x000000009da00000, 0x000000009da00000, 0x000000009db00000|  0%| F|  |TAMS 0x000000009da00000, 0x000000009da00000| Untracked 
| 475|0x000000009db00000, 0x000000009db00000, 0x000000009dc00000|  0%| F|  |TAMS 0x000000009db00000, 0x000000009db00000| Untracked 
| 476|0x000000009dc00000, 0x000000009dd00000, 0x000000009dd00000|100%| O|  |TAMS 0x000000009dd00000, 0x000000009dc00000| Untracked 
| 477|0x000000009dd00000, 0x000000009de00000, 0x000000009de00000|100%| O|  |TAMS 0x000000009de00000, 0x000000009dd00000| Untracked 
| 478|0x000000009de00000, 0x000000009df00000, 0x000000009df00000|100%| O|  |TAMS 0x000000009df00000, 0x000000009de00000| Untracked 
| 479|0x000000009df00000, 0x000000009e000000, 0x000000009e000000|100%| O|  |TAMS 0x000000009e000000, 0x000000009df00000| Untracked 
| 480|0x000000009e000000, 0x000000009e100000, 0x000000009e100000|100%| O|  |TAMS 0x000000009e100000, 0x000000009e000000| Untracked 
| 481|0x000000009e100000, 0x000000009e100000, 0x000000009e200000|  0%| F|  |TAMS 0x000000009e100000, 0x000000009e100000| Untracked 
| 482|0x000000009e200000, 0x000000009e300000, 0x000000009e300000|100%| O|  |TAMS 0x000000009e300000, 0x000000009e200000| Untracked 
| 483|0x000000009e300000, 0x000000009e400000, 0x000000009e400000|100%| O|  |TAMS 0x000000009e400000, 0x000000009e300000| Untracked 
| 484|0x000000009e400000, 0x000000009e500000, 0x000000009e500000|100%| O|  |TAMS 0x000000009e500000, 0x000000009e400000| Untracked 
| 485|0x000000009e500000, 0x000000009e600000, 0x000000009e600000|100%| O|  |TAMS 0x000000009e600000, 0x000000009e500000| Untracked 
| 486|0x000000009e600000, 0x000000009e700000, 0x000000009e700000|100%| O|  |TAMS 0x000000009e700000, 0x000000009e600000| Untracked 
| 487|0x000000009e700000, 0x000000009e800000, 0x000000009e800000|100%| O|  |TAMS 0x000000009e800000, 0x000000009e700000| Untracked 
| 488|0x000000009e800000, 0x000000009e800000, 0x000000009e900000|  0%| F|  |TAMS 0x000000009e800000, 0x000000009e800000| Untracked 
| 489|0x000000009e900000, 0x000000009e900000, 0x000000009ea00000|  0%| F|  |TAMS 0x000000009e900000, 0x000000009e900000| Untracked 
| 490|0x000000009ea00000, 0x000000009ea00000, 0x000000009eb00000|  0%| F|  |TAMS 0x000000009ea00000, 0x000000009ea00000| Untracked 
| 491|0x000000009eb00000, 0x000000009eb00000, 0x000000009ec00000|  0%| F|  |TAMS 0x000000009eb00000, 0x000000009eb00000| Untracked 
| 492|0x000000009ec00000, 0x000000009ec00000, 0x000000009ed00000|  0%| F|  |TAMS 0x000000009ec00000, 0x000000009ec00000| Untracked 
| 493|0x000000009ed00000, 0x000000009ed00000, 0x000000009ee00000|  0%| F|  |TAMS 0x000000009ed00000, 0x000000009ed00000| Untracked 
| 494|0x000000009ee00000, 0x000000009ee00000, 0x000000009ef00000|  0%| F|  |TAMS 0x000000009ee00000, 0x000000009ee00000| Untracked 
| 495|0x000000009ef00000, 0x000000009ef00000, 0x000000009f000000|  0%| F|  |TAMS 0x000000009ef00000, 0x000000009ef00000| Untracked 
| 496|0x000000009f000000, 0x000000009f000000, 0x000000009f100000|  0%| F|  |TAMS 0x000000009f000000, 0x000000009f000000| Untracked 
| 497|0x000000009f100000, 0x000000009f100000, 0x000000009f200000|  0%| F|  |TAMS 0x000000009f100000, 0x000000009f100000| Untracked 
| 498|0x000000009f200000, 0x000000009f200000, 0x000000009f300000|  0%| F|  |TAMS 0x000000009f200000, 0x000000009f200000| Untracked 
| 499|0x000000009f300000, 0x000000009f300000, 0x000000009f400000|  0%| F|  |TAMS 0x000000009f300000, 0x000000009f300000| Untracked 
| 500|0x000000009f400000, 0x000000009f400000, 0x000000009f500000|  0%| F|  |TAMS 0x000000009f400000, 0x000000009f400000| Untracked 
| 501|0x000000009f500000, 0x000000009f600000, 0x000000009f600000|100%| O|  |TAMS 0x000000009f600000, 0x000000009f500000| Untracked 
| 502|0x000000009f600000, 0x000000009f700000, 0x000000009f700000|100%| O|  |TAMS 0x000000009f700000, 0x000000009f600000| Untracked 
| 503|0x000000009f700000, 0x000000009f800000, 0x000000009f800000|100%| O|  |TAMS 0x000000009f800000, 0x000000009f700000| Untracked 
| 504|0x000000009f800000, 0x000000009f900000, 0x000000009f900000|100%| O|  |TAMS 0x000000009f900000, 0x000000009f800000| Untracked 
| 505|0x000000009f900000, 0x000000009f900000, 0x000000009fa00000|  0%| F|  |TAMS 0x000000009f900000, 0x000000009f900000| Untracked 
| 506|0x000000009fa00000, 0x000000009fa00000, 0x000000009fb00000|  0%| F|  |TAMS 0x000000009fa00000, 0x000000009fa00000| Untracked 
| 507|0x000000009fb00000, 0x000000009fb00000, 0x000000009fc00000|  0%| F|  |TAMS 0x000000009fb00000, 0x000000009fb00000| Untracked 
| 508|0x000000009fc00000, 0x000000009fd00000, 0x000000009fd00000|100%| O|  |TAMS 0x000000009fd00000, 0x000000009fc00000| Untracked 
| 509|0x000000009fd00000, 0x000000009fe00000, 0x000000009fe00000|100%| O|  |TAMS 0x000000009fe00000, 0x000000009fd00000| Untracked 
| 510|0x000000009fe00000, 0x000000009ff00000, 0x000000009ff00000|100%| O|  |TAMS 0x000000009ff00000, 0x000000009fe00000| Untracked 
| 511|0x000000009ff00000, 0x00000000a0000000, 0x00000000a0000000|100%| O|  |TAMS 0x00000000a0000000, 0x000000009ff00000| Untracked 
| 512|0x00000000a0000000, 0x00000000a0100000, 0x00000000a0100000|100%| O|  |TAMS 0x00000000a0100000, 0x00000000a0000000| Untracked 
| 513|0x00000000a0100000, 0x00000000a0200000, 0x00000000a0200000|100%| O|  |TAMS 0x00000000a0200000, 0x00000000a0100000| Untracked 
| 514|0x00000000a0200000, 0x00000000a0300000, 0x00000000a0300000|100%| O|  |TAMS 0x00000000a0300000, 0x00000000a0200000| Untracked 
| 515|0x00000000a0300000, 0x00000000a0400000, 0x00000000a0400000|100%| O|  |TAMS 0x00000000a0400000, 0x00000000a0300000| Untracked 
| 516|0x00000000a0400000, 0x00000000a0400000, 0x00000000a0500000|  0%| F|  |TAMS 0x00000000a0400000, 0x00000000a0400000| Untracked 
| 517|0x00000000a0500000, 0x00000000a0500000, 0x00000000a0600000|  0%| F|  |TAMS 0x00000000a0500000, 0x00000000a0500000| Untracked 
| 518|0x00000000a0600000, 0x00000000a0600000, 0x00000000a0700000|  0%| F|  |TAMS 0x00000000a0600000, 0x00000000a0600000| Untracked 
| 519|0x00000000a0700000, 0x00000000a0800000, 0x00000000a0800000|100%| O|  |TAMS 0x00000000a0800000, 0x00000000a0700000| Untracked 
| 520|0x00000000a0800000, 0x00000000a0900000, 0x00000000a0900000|100%| O|  |TAMS 0x00000000a0900000, 0x00000000a0800000| Untracked 
| 521|0x00000000a0900000, 0x00000000a0a00000, 0x00000000a0a00000|100%| O|  |TAMS 0x00000000a0a00000, 0x00000000a0900000| Untracked 
| 522|0x00000000a0a00000, 0x00000000a0b00000, 0x00000000a0b00000|100%| O|  |TAMS 0x00000000a0b00000, 0x00000000a0a00000| Untracked 
| 523|0x00000000a0b00000, 0x00000000a0c00000, 0x00000000a0c00000|100%| O|  |TAMS 0x00000000a0c00000, 0x00000000a0b00000| Untracked 
| 524|0x00000000a0c00000, 0x00000000a0c00000, 0x00000000a0d00000|  0%| F|  |TAMS 0x00000000a0c00000, 0x00000000a0c00000| Untracked 
| 525|0x00000000a0d00000, 0x00000000a0d00000, 0x00000000a0e00000|  0%| F|  |TAMS 0x00000000a0d00000, 0x00000000a0d00000| Untracked 
| 526|0x00000000a0e00000, 0x00000000a0e00000, 0x00000000a0f00000|  0%| F|  |TAMS 0x00000000a0e00000, 0x00000000a0e00000| Untracked 
| 527|0x00000000a0f00000, 0x00000000a0f00000, 0x00000000a1000000|  0%| F|  |TAMS 0x00000000a0f00000, 0x00000000a0f00000| Untracked 
| 528|0x00000000a1000000, 0x00000000a1000000, 0x00000000a1100000|  0%| F|  |TAMS 0x00000000a1000000, 0x00000000a1000000| Untracked 
| 529|0x00000000a1100000, 0x00000000a1100000, 0x00000000a1200000|  0%| F|  |TAMS 0x00000000a1100000, 0x00000000a1100000| Untracked 
| 530|0x00000000a1200000, 0x00000000a1300000, 0x00000000a1300000|100%| O|  |TAMS 0x00000000a1300000, 0x00000000a1200000| Untracked 
| 531|0x00000000a1300000, 0x00000000a1400000, 0x00000000a1400000|100%| O|  |TAMS 0x00000000a1400000, 0x00000000a1300000| Untracked 
| 532|0x00000000a1400000, 0x00000000a1400000, 0x00000000a1500000|  0%| F|  |TAMS 0x00000000a1400000, 0x00000000a1400000| Untracked 
| 533|0x00000000a1500000, 0x00000000a1500000, 0x00000000a1600000|  0%| F|  |TAMS 0x00000000a1500000, 0x00000000a1500000| Untracked 
| 534|0x00000000a1600000, 0x00000000a1600000, 0x00000000a1700000|  0%| F|  |TAMS 0x00000000a1600000, 0x00000000a1600000| Untracked 
| 535|0x00000000a1700000, 0x00000000a1800000, 0x00000000a1800000|100%| O|  |TAMS 0x00000000a1800000, 0x00000000a1700000| Untracked 
| 536|0x00000000a1800000, 0x00000000a1800000, 0x00000000a1900000|  0%| F|  |TAMS 0x00000000a1800000, 0x00000000a1800000| Untracked 
| 537|0x00000000a1900000, 0x00000000a1900000, 0x00000000a1a00000|  0%| F|  |TAMS 0x00000000a1900000, 0x00000000a1900000| Untracked 
| 538|0x00000000a1a00000, 0x00000000a1a00000, 0x00000000a1b00000|  0%| F|  |TAMS 0x00000000a1a00000, 0x00000000a1a00000| Untracked 
| 539|0x00000000a1b00000, 0x00000000a1b00000, 0x00000000a1c00000|  0%| F|  |TAMS 0x00000000a1b00000, 0x00000000a1b00000| Untracked 
| 540|0x00000000a1c00000, 0x00000000a1d00000, 0x00000000a1d00000|100%| O|  |TAMS 0x00000000a1d00000, 0x00000000a1c00000| Untracked 
| 541|0x00000000a1d00000, 0x00000000a1d00000, 0x00000000a1e00000|  0%| F|  |TAMS 0x00000000a1d00000, 0x00000000a1d00000| Untracked 
| 542|0x00000000a1e00000, 0x00000000a1e00000, 0x00000000a1f00000|  0%| F|  |TAMS 0x00000000a1e00000, 0x00000000a1e00000| Untracked 
| 543|0x00000000a1f00000, 0x00000000a1f00000, 0x00000000a2000000|  0%| F|  |TAMS 0x00000000a1f00000, 0x00000000a1f00000| Untracked 
| 544|0x00000000a2000000, 0x00000000a2000000, 0x00000000a2100000|  0%| F|  |TAMS 0x00000000a2000000, 0x00000000a2000000| Untracked 
| 545|0x00000000a2100000, 0x00000000a2100000, 0x00000000a2200000|  0%| F|  |TAMS 0x00000000a2100000, 0x00000000a2100000| Untracked 
| 546|0x00000000a2200000, 0x00000000a2200000, 0x00000000a2300000|  0%| F|  |TAMS 0x00000000a2200000, 0x00000000a2200000| Untracked 
| 547|0x00000000a2300000, 0x00000000a2300000, 0x00000000a2400000|  0%| F|  |TAMS 0x00000000a2300000, 0x00000000a2300000| Untracked 
| 548|0x00000000a2400000, 0x00000000a2400000, 0x00000000a2500000|  0%| F|  |TAMS 0x00000000a2400000, 0x00000000a2400000| Untracked 
| 549|0x00000000a2500000, 0x00000000a2500000, 0x00000000a2600000|  0%| F|  |TAMS 0x00000000a2500000, 0x00000000a2500000| Untracked 
| 550|0x00000000a2600000, 0x00000000a2600000, 0x00000000a2700000|  0%| F|  |TAMS 0x00000000a2600000, 0x00000000a2600000| Untracked 
| 551|0x00000000a2700000, 0x00000000a2800000, 0x00000000a2800000|100%| O|  |TAMS 0x00000000a2800000, 0x00000000a2700000| Untracked 
| 552|0x00000000a2800000, 0x00000000a2900000, 0x00000000a2900000|100%| O|  |TAMS 0x00000000a2900000, 0x00000000a2800000| Untracked 
| 553|0x00000000a2900000, 0x00000000a2900000, 0x00000000a2a00000|  0%| F|  |TAMS 0x00000000a2900000, 0x00000000a2900000| Untracked 
| 554|0x00000000a2a00000, 0x00000000a2a00000, 0x00000000a2b00000|  0%| F|  |TAMS 0x00000000a2a00000, 0x00000000a2a00000| Untracked 
| 555|0x00000000a2b00000, 0x00000000a2b00000, 0x00000000a2c00000|  0%| F|  |TAMS 0x00000000a2b00000, 0x00000000a2b00000| Untracked 
| 556|0x00000000a2c00000, 0x00000000a2d00000, 0x00000000a2d00000|100%| O|  |TAMS 0x00000000a2d00000, 0x00000000a2c00000| Untracked 
| 557|0x00000000a2d00000, 0x00000000a2d00000, 0x00000000a2e00000|  0%| F|  |TAMS 0x00000000a2d00000, 0x00000000a2d00000| Untracked 
| 558|0x00000000a2e00000, 0x00000000a2f00000, 0x00000000a2f00000|100%| O|  |TAMS 0x00000000a2f00000, 0x00000000a2e00000| Untracked 
| 559|0x00000000a2f00000, 0x00000000a2f00000, 0x00000000a3000000|  0%| F|  |TAMS 0x00000000a2f00000, 0x00000000a2f00000| Untracked 
| 560|0x00000000a3000000, 0x00000000a3100000, 0x00000000a3100000|100%| O|  |TAMS 0x00000000a3100000, 0x00000000a3000000| Untracked 
| 561|0x00000000a3100000, 0x00000000a3100000, 0x00000000a3200000|  0%| F|  |TAMS 0x00000000a3100000, 0x00000000a3100000| Untracked 
| 562|0x00000000a3200000, 0x00000000a3200000, 0x00000000a3300000|  0%| F|  |TAMS 0x00000000a3200000, 0x00000000a3200000| Untracked 
| 563|0x00000000a3300000, 0x00000000a3300000, 0x00000000a3400000|  0%| F|  |TAMS 0x00000000a3300000, 0x00000000a3300000| Untracked 
| 564|0x00000000a3400000, 0x00000000a3400000, 0x00000000a3500000|  0%| F|  |TAMS 0x00000000a3400000, 0x00000000a3400000| Untracked 
| 565|0x00000000a3500000, 0x00000000a3500000, 0x00000000a3600000|  0%| F|  |TAMS 0x00000000a3500000, 0x00000000a3500000| Untracked 
| 566|0x00000000a3600000, 0x00000000a3600000, 0x00000000a3700000|  0%| F|  |TAMS 0x00000000a3600000, 0x00000000a3600000| Untracked 
| 567|0x00000000a3700000, 0x00000000a3700000, 0x00000000a3800000|  0%| F|  |TAMS 0x00000000a3700000, 0x00000000a3700000| Untracked 
| 568|0x00000000a3800000, 0x00000000a3800000, 0x00000000a3900000|  0%| F|  |TAMS 0x00000000a3800000, 0x00000000a3800000| Untracked 
| 569|0x00000000a3900000, 0x00000000a3900000, 0x00000000a3a00000|  0%| F|  |TAMS 0x00000000a3900000, 0x00000000a3900000| Untracked 
| 570|0x00000000a3a00000, 0x00000000a3a00000, 0x00000000a3b00000|  0%| F|  |TAMS 0x00000000a3a00000, 0x00000000a3a00000| Untracked 
| 571|0x00000000a3b00000, 0x00000000a3b00000, 0x00000000a3c00000|  0%| F|  |TAMS 0x00000000a3b00000, 0x00000000a3b00000| Untracked 
| 572|0x00000000a3c00000, 0x00000000a3c00000, 0x00000000a3d00000|  0%| F|  |TAMS 0x00000000a3c00000, 0x00000000a3c00000| Untracked 
| 573|0x00000000a3d00000, 0x00000000a3d00000, 0x00000000a3e00000|  0%| F|  |TAMS 0x00000000a3d00000, 0x00000000a3d00000| Untracked 
| 574|0x00000000a3e00000, 0x00000000a3e00000, 0x00000000a3f00000|  0%| F|  |TAMS 0x00000000a3e00000, 0x00000000a3e00000| Untracked 
| 575|0x00000000a3f00000, 0x00000000a3f00000, 0x00000000a4000000|  0%| F|  |TAMS 0x00000000a3f00000, 0x00000000a3f00000| Untracked 
| 576|0x00000000a4000000, 0x00000000a4000000, 0x00000000a4100000|  0%| F|  |TAMS 0x00000000a4000000, 0x00000000a4000000| Untracked 
| 577|0x00000000a4100000, 0x00000000a4100000, 0x00000000a4200000|  0%| F|  |TAMS 0x00000000a4100000, 0x00000000a4100000| Untracked 
| 578|0x00000000a4200000, 0x00000000a4200000, 0x00000000a4300000|  0%| F|  |TAMS 0x00000000a4200000, 0x00000000a4200000| Untracked 
| 579|0x00000000a4300000, 0x00000000a4400000, 0x00000000a4400000|100%| O|  |TAMS 0x00000000a4400000, 0x00000000a4300000| Untracked 
| 580|0x00000000a4400000, 0x00000000a4400000, 0x00000000a4500000|  0%| F|  |TAMS 0x00000000a4400000, 0x00000000a4400000| Untracked 
| 581|0x00000000a4500000, 0x00000000a4500000, 0x00000000a4600000|  0%| F|  |TAMS 0x00000000a4500000, 0x00000000a4500000| Untracked 
| 582|0x00000000a4600000, 0x00000000a4600000, 0x00000000a4700000|  0%| F|  |TAMS 0x00000000a4600000, 0x00000000a4600000| Untracked 
| 583|0x00000000a4700000, 0x00000000a4700000, 0x00000000a4800000|  0%| F|  |TAMS 0x00000000a4700000, 0x00000000a4700000| Untracked 
| 584|0x00000000a4800000, 0x00000000a4800000, 0x00000000a4900000|  0%| F|  |TAMS 0x00000000a4800000, 0x00000000a4800000| Untracked 
| 585|0x00000000a4900000, 0x00000000a4900000, 0x00000000a4a00000|  0%| F|  |TAMS 0x00000000a4900000, 0x00000000a4900000| Untracked 
| 586|0x00000000a4a00000, 0x00000000a4a00000, 0x00000000a4b00000|  0%| F|  |TAMS 0x00000000a4a00000, 0x00000000a4a00000| Untracked 
| 587|0x00000000a4b00000, 0x00000000a4c00000, 0x00000000a4c00000|100%| O|  |TAMS 0x00000000a4c00000, 0x00000000a4b00000| Untracked 
| 588|0x00000000a4c00000, 0x00000000a4d00000, 0x00000000a4d00000|100%| O|  |TAMS 0x00000000a4d00000, 0x00000000a4c00000| Untracked 
| 589|0x00000000a4d00000, 0x00000000a4e00000, 0x00000000a4e00000|100%| O|  |TAMS 0x00000000a4e00000, 0x00000000a4d00000| Untracked 
| 590|0x00000000a4e00000, 0x00000000a4e00000, 0x00000000a4f00000|  0%| F|  |TAMS 0x00000000a4e00000, 0x00000000a4e00000| Untracked 
| 591|0x00000000a4f00000, 0x00000000a4f00000, 0x00000000a5000000|  0%| F|  |TAMS 0x00000000a4f00000, 0x00000000a4f00000| Untracked 
| 592|0x00000000a5000000, 0x00000000a5000000, 0x00000000a5100000|  0%| F|  |TAMS 0x00000000a5000000, 0x00000000a5000000| Untracked 
| 593|0x00000000a5100000, 0x00000000a5100000, 0x00000000a5200000|  0%| F|  |TAMS 0x00000000a5100000, 0x00000000a5100000| Untracked 
| 594|0x00000000a5200000, 0x00000000a5200000, 0x00000000a5300000|  0%| F|  |TAMS 0x00000000a5200000, 0x00000000a5200000| Untracked 
| 595|0x00000000a5300000, 0x00000000a5400000, 0x00000000a5400000|100%| O|  |TAMS 0x00000000a5400000, 0x00000000a5300000| Untracked 
| 596|0x00000000a5400000, 0x00000000a5400000, 0x00000000a5500000|  0%| F|  |TAMS 0x00000000a5400000, 0x00000000a5400000| Untracked 
| 597|0x00000000a5500000, 0x00000000a5500000, 0x00000000a5600000|  0%| F|  |TAMS 0x00000000a5500000, 0x00000000a5500000| Untracked 
| 598|0x00000000a5600000, 0x00000000a5600000, 0x00000000a5700000|  0%| F|  |TAMS 0x00000000a5600000, 0x00000000a5600000| Untracked 
| 599|0x00000000a5700000, 0x00000000a5700000, 0x00000000a5800000|  0%| F|  |TAMS 0x00000000a5700000, 0x00000000a5700000| Untracked 
| 600|0x00000000a5800000, 0x00000000a5800000, 0x00000000a5900000|  0%| F|  |TAMS 0x00000000a5800000, 0x00000000a5800000| Untracked 
| 601|0x00000000a5900000, 0x00000000a5900000, 0x00000000a5a00000|  0%| F|  |TAMS 0x00000000a5900000, 0x00000000a5900000| Untracked 
| 602|0x00000000a5a00000, 0x00000000a5a00000, 0x00000000a5b00000|  0%| F|  |TAMS 0x00000000a5a00000, 0x00000000a5a00000| Untracked 
| 603|0x00000000a5b00000, 0x00000000a5b00000, 0x00000000a5c00000|  0%| F|  |TAMS 0x00000000a5b00000, 0x00000000a5b00000| Untracked 
| 604|0x00000000a5c00000, 0x00000000a5c00000, 0x00000000a5d00000|  0%| F|  |TAMS 0x00000000a5c00000, 0x00000000a5c00000| Untracked 
| 605|0x00000000a5d00000, 0x00000000a5d00000, 0x00000000a5e00000|  0%| F|  |TAMS 0x00000000a5d00000, 0x00000000a5d00000| Untracked 
| 606|0x00000000a5e00000, 0x00000000a5e00000, 0x00000000a5f00000|  0%| F|  |TAMS 0x00000000a5e00000, 0x00000000a5e00000| Untracked 
| 607|0x00000000a5f00000, 0x00000000a5f00000, 0x00000000a6000000|  0%| F|  |TAMS 0x00000000a5f00000, 0x00000000a5f00000| Untracked 
| 608|0x00000000a6000000, 0x00000000a6000000, 0x00000000a6100000|  0%| F|  |TAMS 0x00000000a6000000, 0x00000000a6000000| Untracked 
| 609|0x00000000a6100000, 0x00000000a6100000, 0x00000000a6200000|  0%| F|  |TAMS 0x00000000a6100000, 0x00000000a6100000| Untracked 
| 610|0x00000000a6200000, 0x00000000a6200000, 0x00000000a6300000|  0%| F|  |TAMS 0x00000000a6200000, 0x00000000a6200000| Untracked 
| 611|0x00000000a6300000, 0x00000000a6300000, 0x00000000a6400000|  0%| F|  |TAMS 0x00000000a6300000, 0x00000000a6300000| Untracked 
| 612|0x00000000a6400000, 0x00000000a6400000, 0x00000000a6500000|  0%| F|  |TAMS 0x00000000a6400000, 0x00000000a6400000| Untracked 
| 613|0x00000000a6500000, 0x00000000a6500000, 0x00000000a6600000|  0%| F|  |TAMS 0x00000000a6500000, 0x00000000a6500000| Untracked 
| 614|0x00000000a6600000, 0x00000000a6600000, 0x00000000a6700000|  0%| F|  |TAMS 0x00000000a6600000, 0x00000000a6600000| Untracked 
| 615|0x00000000a6700000, 0x00000000a6700000, 0x00000000a6800000|  0%| F|  |TAMS 0x00000000a6700000, 0x00000000a6700000| Untracked 
| 616|0x00000000a6800000, 0x00000000a6800000, 0x00000000a6900000|  0%| F|  |TAMS 0x00000000a6800000, 0x00000000a6800000| Untracked 
| 617|0x00000000a6900000, 0x00000000a6900000, 0x00000000a6a00000|  0%| F|  |TAMS 0x00000000a6900000, 0x00000000a6900000| Untracked 
| 618|0x00000000a6a00000, 0x00000000a6a00000, 0x00000000a6b00000|  0%| F|  |TAMS 0x00000000a6a00000, 0x00000000a6a00000| Untracked 
| 619|0x00000000a6b00000, 0x00000000a6b00000, 0x00000000a6c00000|  0%| F|  |TAMS 0x00000000a6b00000, 0x00000000a6b00000| Untracked 
| 620|0x00000000a6c00000, 0x00000000a6c00000, 0x00000000a6d00000|  0%| F|  |TAMS 0x00000000a6c00000, 0x00000000a6c00000| Untracked 
| 621|0x00000000a6d00000, 0x00000000a6d00000, 0x00000000a6e00000|  0%| F|  |TAMS 0x00000000a6d00000, 0x00000000a6d00000| Untracked 
| 622|0x00000000a6e00000, 0x00000000a6e00000, 0x00000000a6f00000|  0%| F|  |TAMS 0x00000000a6e00000, 0x00000000a6e00000| Untracked 
| 623|0x00000000a6f00000, 0x00000000a6f00000, 0x00000000a7000000|  0%| F|  |TAMS 0x00000000a6f00000, 0x00000000a6f00000| Untracked 
| 624|0x00000000a7000000, 0x00000000a7000000, 0x00000000a7100000|  0%| F|  |TAMS 0x00000000a7000000, 0x00000000a7000000| Untracked 
| 625|0x00000000a7100000, 0x00000000a7100000, 0x00000000a7200000|  0%| F|  |TAMS 0x00000000a7100000, 0x00000000a7100000| Untracked 
| 626|0x00000000a7200000, 0x00000000a7200000, 0x00000000a7300000|  0%| F|  |TAMS 0x00000000a7200000, 0x00000000a7200000| Untracked 
| 627|0x00000000a7300000, 0x00000000a7300000, 0x00000000a7400000|  0%| F|  |TAMS 0x00000000a7300000, 0x00000000a7300000| Untracked 
| 628|0x00000000a7400000, 0x00000000a7400000, 0x00000000a7500000|  0%| F|  |TAMS 0x00000000a7400000, 0x00000000a7400000| Untracked 
| 629|0x00000000a7500000, 0x00000000a7500000, 0x00000000a7600000|  0%| F|  |TAMS 0x00000000a7500000, 0x00000000a7500000| Untracked 
| 630|0x00000000a7600000, 0x00000000a7600000, 0x00000000a7700000|  0%| F|  |TAMS 0x00000000a7600000, 0x00000000a7600000| Untracked 
| 631|0x00000000a7700000, 0x00000000a7700000, 0x00000000a7800000|  0%| F|  |TAMS 0x00000000a7700000, 0x00000000a7700000| Untracked 
| 632|0x00000000a7800000, 0x00000000a7800000, 0x00000000a7900000|  0%| F|  |TAMS 0x00000000a7800000, 0x00000000a7800000| Untracked 
| 633|0x00000000a7900000, 0x00000000a7900000, 0x00000000a7a00000|  0%| F|  |TAMS 0x00000000a7900000, 0x00000000a7900000| Untracked 
| 634|0x00000000a7a00000, 0x00000000a7a00000, 0x00000000a7b00000|  0%| F|  |TAMS 0x00000000a7a00000, 0x00000000a7a00000| Untracked 
| 635|0x00000000a7b00000, 0x00000000a7b00000, 0x00000000a7c00000|  0%| F|  |TAMS 0x00000000a7b00000, 0x00000000a7b00000| Untracked 
| 636|0x00000000a7c00000, 0x00000000a7c00000, 0x00000000a7d00000|  0%| F|  |TAMS 0x00000000a7c00000, 0x00000000a7c00000| Untracked 
| 637|0x00000000a7d00000, 0x00000000a7d00000, 0x00000000a7e00000|  0%| F|  |TAMS 0x00000000a7d00000, 0x00000000a7d00000| Untracked 
| 638|0x00000000a7e00000, 0x00000000a7e00000, 0x00000000a7f00000|  0%| F|  |TAMS 0x00000000a7e00000, 0x00000000a7e00000| Untracked 
| 639|0x00000000a7f00000, 0x00000000a7f00000, 0x00000000a8000000|  0%| F|  |TAMS 0x00000000a7f00000, 0x00000000a7f00000| Untracked 
| 640|0x00000000a8000000, 0x00000000a8000000, 0x00000000a8100000|  0%| F|  |TAMS 0x00000000a8000000, 0x00000000a8000000| Untracked 
| 641|0x00000000a8100000, 0x00000000a8100000, 0x00000000a8200000|  0%| F|  |TAMS 0x00000000a8100000, 0x00000000a8100000| Untracked 
| 642|0x00000000a8200000, 0x00000000a8200000, 0x00000000a8300000|  0%| F|  |TAMS 0x00000000a8200000, 0x00000000a8200000| Untracked 
| 643|0x00000000a8300000, 0x00000000a8300000, 0x00000000a8400000|  0%| F|  |TAMS 0x00000000a8300000, 0x00000000a8300000| Untracked 
| 644|0x00000000a8400000, 0x00000000a8400000, 0x00000000a8500000|  0%| F|  |TAMS 0x00000000a8400000, 0x00000000a8400000| Untracked 
| 645|0x00000000a8500000, 0x00000000a8500000, 0x00000000a8600000|  0%| F|  |TAMS 0x00000000a8500000, 0x00000000a8500000| Untracked 
| 646|0x00000000a8600000, 0x00000000a8600000, 0x00000000a8700000|  0%| F|  |TAMS 0x00000000a8600000, 0x00000000a8600000| Untracked 
| 647|0x00000000a8700000, 0x00000000a8700000, 0x00000000a8800000|  0%| F|  |TAMS 0x00000000a8700000, 0x00000000a8700000| Untracked 
| 648|0x00000000a8800000, 0x00000000a8800000, 0x00000000a8900000|  0%| F|  |TAMS 0x00000000a8800000, 0x00000000a8800000| Untracked 
| 649|0x00000000a8900000, 0x00000000a8900000, 0x00000000a8a00000|  0%| F|  |TAMS 0x00000000a8900000, 0x00000000a8900000| Untracked 
| 650|0x00000000a8a00000, 0x00000000a8a00000, 0x00000000a8b00000|  0%| F|  |TAMS 0x00000000a8a00000, 0x00000000a8a00000| Untracked 
| 651|0x00000000a8b00000, 0x00000000a8b00000, 0x00000000a8c00000|  0%| F|  |TAMS 0x00000000a8b00000, 0x00000000a8b00000| Untracked 
| 652|0x00000000a8c00000, 0x00000000a8d00000, 0x00000000a8d00000|100%| O|  |TAMS 0x00000000a8d00000, 0x00000000a8c00000| Untracked 
| 653|0x00000000a8d00000, 0x00000000a8d00000, 0x00000000a8e00000|  0%| F|  |TAMS 0x00000000a8d00000, 0x00000000a8d00000| Untracked 
| 654|0x00000000a8e00000, 0x00000000a8e00000, 0x00000000a8f00000|  0%| F|  |TAMS 0x00000000a8e00000, 0x00000000a8e00000| Untracked 
| 655|0x00000000a8f00000, 0x00000000a8f00000, 0x00000000a9000000|  0%| F|  |TAMS 0x00000000a8f00000, 0x00000000a8f00000| Untracked 
| 656|0x00000000a9000000, 0x00000000a9000000, 0x00000000a9100000|  0%| F|  |TAMS 0x00000000a9000000, 0x00000000a9000000| Untracked 
| 657|0x00000000a9100000, 0x00000000a9100000, 0x00000000a9200000|  0%| F|  |TAMS 0x00000000a9100000, 0x00000000a9100000| Untracked 
| 658|0x00000000a9200000, 0x00000000a9200000, 0x00000000a9300000|  0%| F|  |TAMS 0x00000000a9200000, 0x00000000a9200000| Untracked 
| 659|0x00000000a9300000, 0x00000000a9300000, 0x00000000a9400000|  0%| F|  |TAMS 0x00000000a9300000, 0x00000000a9300000| Untracked 
| 660|0x00000000a9400000, 0x00000000a9400000, 0x00000000a9500000|  0%| F|  |TAMS 0x00000000a9400000, 0x00000000a9400000| Untracked 
| 661|0x00000000a9500000, 0x00000000a9500000, 0x00000000a9600000|  0%| F|  |TAMS 0x00000000a9500000, 0x00000000a9500000| Untracked 
| 662|0x00000000a9600000, 0x00000000a9600000, 0x00000000a9700000|  0%| F|  |TAMS 0x00000000a9600000, 0x00000000a9600000| Untracked 
| 663|0x00000000a9700000, 0x00000000a9700000, 0x00000000a9800000|  0%| F|  |TAMS 0x00000000a9700000, 0x00000000a9700000| Untracked 
| 664|0x00000000a9800000, 0x00000000a9800000, 0x00000000a9900000|  0%| F|  |TAMS 0x00000000a9800000, 0x00000000a9800000| Untracked 
| 665|0x00000000a9900000, 0x00000000a9900000, 0x00000000a9a00000|  0%| F|  |TAMS 0x00000000a9900000, 0x00000000a9900000| Untracked 
| 666|0x00000000a9a00000, 0x00000000a9a00000, 0x00000000a9b00000|  0%| F|  |TAMS 0x00000000a9a00000, 0x00000000a9a00000| Untracked 
| 667|0x00000000a9b00000, 0x00000000a9b00000, 0x00000000a9c00000|  0%| F|  |TAMS 0x00000000a9b00000, 0x00000000a9b00000| Untracked 
| 668|0x00000000a9c00000, 0x00000000a9c00000, 0x00000000a9d00000|  0%| F|  |TAMS 0x00000000a9c00000, 0x00000000a9c00000| Untracked 
| 669|0x00000000a9d00000, 0x00000000a9d00000, 0x00000000a9e00000|  0%| F|  |TAMS 0x00000000a9d00000, 0x00000000a9d00000| Untracked 
| 670|0x00000000a9e00000, 0x00000000a9e00000, 0x00000000a9f00000|  0%| F|  |TAMS 0x00000000a9e00000, 0x00000000a9e00000| Untracked 
| 671|0x00000000a9f00000, 0x00000000a9f00000, 0x00000000aa000000|  0%| F|  |TAMS 0x00000000a9f00000, 0x00000000a9f00000| Untracked 
| 672|0x00000000aa000000, 0x00000000aa000000, 0x00000000aa100000|  0%| F|  |TAMS 0x00000000aa000000, 0x00000000aa000000| Untracked 
| 673|0x00000000aa100000, 0x00000000aa100000, 0x00000000aa200000|  0%| F|  |TAMS 0x00000000aa100000, 0x00000000aa100000| Untracked 
| 674|0x00000000aa200000, 0x00000000aa200000, 0x00000000aa300000|  0%| F|  |TAMS 0x00000000aa200000, 0x00000000aa200000| Untracked 
| 675|0x00000000aa300000, 0x00000000aa300000, 0x00000000aa400000|  0%| F|  |TAMS 0x00000000aa300000, 0x00000000aa300000| Untracked 
| 676|0x00000000aa400000, 0x00000000aa400000, 0x00000000aa500000|  0%| F|  |TAMS 0x00000000aa400000, 0x00000000aa400000| Untracked 
| 677|0x00000000aa500000, 0x00000000aa500000, 0x00000000aa600000|  0%| F|  |TAMS 0x00000000aa500000, 0x00000000aa500000| Untracked 
| 678|0x00000000aa600000, 0x00000000aa600000, 0x00000000aa700000|  0%| F|  |TAMS 0x00000000aa600000, 0x00000000aa600000| Untracked 
| 679|0x00000000aa700000, 0x00000000aa700000, 0x00000000aa800000|  0%| F|  |TAMS 0x00000000aa700000, 0x00000000aa700000| Untracked 
| 680|0x00000000aa800000, 0x00000000aa800000, 0x00000000aa900000|  0%| F|  |TAMS 0x00000000aa800000, 0x00000000aa800000| Untracked 
| 681|0x00000000aa900000, 0x00000000aa900000, 0x00000000aaa00000|  0%| F|  |TAMS 0x00000000aa900000, 0x00000000aa900000| Untracked 
| 682|0x00000000aaa00000, 0x00000000aaa00000, 0x00000000aab00000|  0%| F|  |TAMS 0x00000000aaa00000, 0x00000000aaa00000| Untracked 
| 683|0x00000000aab00000, 0x00000000aab00000, 0x00000000aac00000|  0%| F|  |TAMS 0x00000000aab00000, 0x00000000aab00000| Untracked 
| 684|0x00000000aac00000, 0x00000000aac00000, 0x00000000aad00000|  0%| F|  |TAMS 0x00000000aac00000, 0x00000000aac00000| Untracked 
| 685|0x00000000aad00000, 0x00000000aad00000, 0x00000000aae00000|  0%| F|  |TAMS 0x00000000aad00000, 0x00000000aad00000| Untracked 
| 686|0x00000000aae00000, 0x00000000aae00000, 0x00000000aaf00000|  0%| F|  |TAMS 0x00000000aae00000, 0x00000000aae00000| Untracked 
| 687|0x00000000aaf00000, 0x00000000aaf00000, 0x00000000ab000000|  0%| F|  |TAMS 0x00000000aaf00000, 0x00000000aaf00000| Untracked 
| 688|0x00000000ab000000, 0x00000000ab0e8078, 0x00000000ab100000| 90%| S|CS|TAMS 0x00000000ab000000, 0x00000000ab000000| Complete 
| 689|0x00000000ab100000, 0x00000000ab200000, 0x00000000ab200000|100%| S|CS|TAMS 0x00000000ab100000, 0x00000000ab100000| Complete 
| 690|0x00000000ab200000, 0x00000000ab300000, 0x00000000ab300000|100%| S|CS|TAMS 0x00000000ab200000, 0x00000000ab200000| Complete 
| 691|0x00000000ab300000, 0x00000000ab400000, 0x00000000ab400000|100%| S|CS|TAMS 0x00000000ab300000, 0x00000000ab300000| Complete 
| 692|0x00000000ab400000, 0x00000000ab500000, 0x00000000ab500000|100%| S|CS|TAMS 0x00000000ab400000, 0x00000000ab400000| Complete 
| 693|0x00000000ab500000, 0x00000000ab600000, 0x00000000ab600000|100%| S|CS|TAMS 0x00000000ab500000, 0x00000000ab500000| Complete 
| 694|0x00000000ab600000, 0x00000000ab700000, 0x00000000ab700000|100%| S|CS|TAMS 0x00000000ab600000, 0x00000000ab600000| Complete 
| 695|0x00000000ab700000, 0x00000000ab800000, 0x00000000ab800000|100%| S|CS|TAMS 0x00000000ab700000, 0x00000000ab700000| Complete 
| 696|0x00000000ab800000, 0x00000000ab900000, 0x00000000ab900000|100%| S|CS|TAMS 0x00000000ab800000, 0x00000000ab800000| Complete 
| 697|0x00000000ab900000, 0x00000000aba00000, 0x00000000aba00000|100%| S|CS|TAMS 0x00000000ab900000, 0x00000000ab900000| Complete 
| 698|0x00000000aba00000, 0x00000000abb00000, 0x00000000abb00000|100%| S|CS|TAMS 0x00000000aba00000, 0x00000000aba00000| Complete 
| 699|0x00000000abb00000, 0x00000000abc00000, 0x00000000abc00000|100%| S|CS|TAMS 0x00000000abb00000, 0x00000000abb00000| Complete 
| 700|0x00000000abc00000, 0x00000000abd00000, 0x00000000abd00000|100%| S|CS|TAMS 0x00000000abc00000, 0x00000000abc00000| Complete 
| 701|0x00000000abd00000, 0x00000000abe00000, 0x00000000abe00000|100%| S|CS|TAMS 0x00000000abd00000, 0x00000000abd00000| Complete 
| 702|0x00000000abe00000, 0x00000000abf00000, 0x00000000abf00000|100%| S|CS|TAMS 0x00000000abe00000, 0x00000000abe00000| Complete 
| 703|0x00000000abf00000, 0x00000000abf00000, 0x00000000ac000000|  0%| F|  |TAMS 0x00000000abf00000, 0x00000000abf00000| Untracked 
| 704|0x00000000ac000000, 0x00000000ac000000, 0x00000000ac100000|  0%| F|  |TAMS 0x00000000ac000000, 0x00000000ac000000| Untracked 
| 705|0x00000000ac100000, 0x00000000ac100000, 0x00000000ac200000|  0%| F|  |TAMS 0x00000000ac100000, 0x00000000ac100000| Untracked 
| 706|0x00000000ac200000, 0x00000000ac200000, 0x00000000ac300000|  0%| F|  |TAMS 0x00000000ac200000, 0x00000000ac200000| Untracked 
| 707|0x00000000ac300000, 0x00000000ac300000, 0x00000000ac400000|  0%| F|  |TAMS 0x00000000ac300000, 0x00000000ac300000| Untracked 
| 708|0x00000000ac400000, 0x00000000ac400000, 0x00000000ac500000|  0%| F|  |TAMS 0x00000000ac400000, 0x00000000ac400000| Untracked 
| 709|0x00000000ac500000, 0x00000000ac500000, 0x00000000ac600000|  0%| F|  |TAMS 0x00000000ac500000, 0x00000000ac500000| Untracked 
| 710|0x00000000ac600000, 0x00000000ac600000, 0x00000000ac700000|  0%| F|  |TAMS 0x00000000ac600000, 0x00000000ac600000| Untracked 
| 711|0x00000000ac700000, 0x00000000ac700000, 0x00000000ac800000|  0%| F|  |TAMS 0x00000000ac700000, 0x00000000ac700000| Untracked 
| 712|0x00000000ac800000, 0x00000000ac800000, 0x00000000ac900000|  0%| F|  |TAMS 0x00000000ac800000, 0x00000000ac800000| Untracked 
| 713|0x00000000ac900000, 0x00000000ac900000, 0x00000000aca00000|  0%| F|  |TAMS 0x00000000ac900000, 0x00000000ac900000| Untracked 
| 714|0x00000000aca00000, 0x00000000aca00000, 0x00000000acb00000|  0%| F|  |TAMS 0x00000000aca00000, 0x00000000aca00000| Untracked 
| 715|0x00000000acb00000, 0x00000000acb00000, 0x00000000acc00000|  0%| F|  |TAMS 0x00000000acb00000, 0x00000000acb00000| Untracked 
| 716|0x00000000acc00000, 0x00000000acc00000, 0x00000000acd00000|  0%| F|  |TAMS 0x00000000acc00000, 0x00000000acc00000| Untracked 
| 717|0x00000000acd00000, 0x00000000acd00000, 0x00000000ace00000|  0%| F|  |TAMS 0x00000000acd00000, 0x00000000acd00000| Untracked 
| 718|0x00000000ace00000, 0x00000000ace00000, 0x00000000acf00000|  0%| F|  |TAMS 0x00000000ace00000, 0x00000000ace00000| Untracked 
| 719|0x00000000acf00000, 0x00000000acf00000, 0x00000000ad000000|  0%| F|  |TAMS 0x00000000acf00000, 0x00000000acf00000| Untracked 
| 720|0x00000000ad000000, 0x00000000ad000000, 0x00000000ad100000|  0%| F|  |TAMS 0x00000000ad000000, 0x00000000ad000000| Untracked 
| 721|0x00000000ad100000, 0x00000000ad100000, 0x00000000ad200000|  0%| F|  |TAMS 0x00000000ad100000, 0x00000000ad100000| Untracked 
| 722|0x00000000ad200000, 0x00000000ad200000, 0x00000000ad300000|  0%| F|  |TAMS 0x00000000ad200000, 0x00000000ad200000| Untracked 
| 723|0x00000000ad300000, 0x00000000ad300000, 0x00000000ad400000|  0%| F|  |TAMS 0x00000000ad300000, 0x00000000ad300000| Untracked 
| 724|0x00000000ad400000, 0x00000000ad400000, 0x00000000ad500000|  0%| F|  |TAMS 0x00000000ad400000, 0x00000000ad400000| Untracked 
| 725|0x00000000ad500000, 0x00000000ad500000, 0x00000000ad600000|  0%| F|  |TAMS 0x00000000ad500000, 0x00000000ad500000| Untracked 
| 726|0x00000000ad600000, 0x00000000ad600000, 0x00000000ad700000|  0%| F|  |TAMS 0x00000000ad600000, 0x00000000ad600000| Untracked 
| 727|0x00000000ad700000, 0x00000000ad700000, 0x00000000ad800000|  0%| F|  |TAMS 0x00000000ad700000, 0x00000000ad700000| Untracked 
| 728|0x00000000ad800000, 0x00000000ad800000, 0x00000000ad900000|  0%| F|  |TAMS 0x00000000ad800000, 0x00000000ad800000| Untracked 
| 729|0x00000000ad900000, 0x00000000ad900000, 0x00000000ada00000|  0%| F|  |TAMS 0x00000000ad900000, 0x00000000ad900000| Untracked 
| 730|0x00000000ada00000, 0x00000000ada00000, 0x00000000adb00000|  0%| F|  |TAMS 0x00000000ada00000, 0x00000000ada00000| Untracked 
| 731|0x00000000adb00000, 0x00000000adb00000, 0x00000000adc00000|  0%| F|  |TAMS 0x00000000adb00000, 0x00000000adb00000| Untracked 
| 732|0x00000000adc00000, 0x00000000adc00000, 0x00000000add00000|  0%| F|  |TAMS 0x00000000adc00000, 0x00000000adc00000| Untracked 
| 733|0x00000000add00000, 0x00000000add00000, 0x00000000ade00000|  0%| F|  |TAMS 0x00000000add00000, 0x00000000add00000| Untracked 
| 734|0x00000000ade00000, 0x00000000ade00000, 0x00000000adf00000|  0%| F|  |TAMS 0x00000000ade00000, 0x00000000ade00000| Untracked 
| 735|0x00000000adf00000, 0x00000000adf00000, 0x00000000ae000000|  0%| F|  |TAMS 0x00000000adf00000, 0x00000000adf00000| Untracked 
| 736|0x00000000ae000000, 0x00000000ae000000, 0x00000000ae100000|  0%| F|  |TAMS 0x00000000ae000000, 0x00000000ae000000| Untracked 
| 737|0x00000000ae100000, 0x00000000ae100000, 0x00000000ae200000|  0%| F|  |TAMS 0x00000000ae100000, 0x00000000ae100000| Untracked 
| 738|0x00000000ae200000, 0x00000000ae200000, 0x00000000ae300000|  0%| F|  |TAMS 0x00000000ae200000, 0x00000000ae200000| Untracked 
| 739|0x00000000ae300000, 0x00000000ae300000, 0x00000000ae400000|  0%| F|  |TAMS 0x00000000ae300000, 0x00000000ae300000| Untracked 
| 740|0x00000000ae400000, 0x00000000ae400000, 0x00000000ae500000|  0%| F|  |TAMS 0x00000000ae400000, 0x00000000ae400000| Untracked 
| 741|0x00000000ae500000, 0x00000000ae500000, 0x00000000ae600000|  0%| F|  |TAMS 0x00000000ae500000, 0x00000000ae500000| Untracked 
| 742|0x00000000ae600000, 0x00000000ae600000, 0x00000000ae700000|  0%| F|  |TAMS 0x00000000ae600000, 0x00000000ae600000| Untracked 
| 743|0x00000000ae700000, 0x00000000ae700000, 0x00000000ae800000|  0%| F|  |TAMS 0x00000000ae700000, 0x00000000ae700000| Untracked 
| 744|0x00000000ae800000, 0x00000000ae800000, 0x00000000ae900000|  0%| F|  |TAMS 0x00000000ae800000, 0x00000000ae800000| Untracked 
| 745|0x00000000ae900000, 0x00000000ae900000, 0x00000000aea00000|  0%| F|  |TAMS 0x00000000ae900000, 0x00000000ae900000| Untracked 
| 746|0x00000000aea00000, 0x00000000aea00000, 0x00000000aeb00000|  0%| F|  |TAMS 0x00000000aea00000, 0x00000000aea00000| Untracked 
| 747|0x00000000aeb00000, 0x00000000aeb00000, 0x00000000aec00000|  0%| F|  |TAMS 0x00000000aeb00000, 0x00000000aeb00000| Untracked 
| 748|0x00000000aec00000, 0x00000000aec00000, 0x00000000aed00000|  0%| F|  |TAMS 0x00000000aec00000, 0x00000000aec00000| Untracked 
| 749|0x00000000aed00000, 0x00000000aed00000, 0x00000000aee00000|  0%| F|  |TAMS 0x00000000aed00000, 0x00000000aed00000| Untracked 
| 750|0x00000000aee00000, 0x00000000aee00000, 0x00000000aef00000|  0%| F|  |TAMS 0x00000000aee00000, 0x00000000aee00000| Untracked 
| 751|0x00000000aef00000, 0x00000000aef00000, 0x00000000af000000|  0%| F|  |TAMS 0x00000000aef00000, 0x00000000aef00000| Untracked 
| 752|0x00000000af000000, 0x00000000af000000, 0x00000000af100000|  0%| F|  |TAMS 0x00000000af000000, 0x00000000af000000| Untracked 
| 753|0x00000000af100000, 0x00000000af100000, 0x00000000af200000|  0%| F|  |TAMS 0x00000000af100000, 0x00000000af100000| Untracked 
| 754|0x00000000af200000, 0x00000000af200000, 0x00000000af300000|  0%| F|  |TAMS 0x00000000af200000, 0x00000000af200000| Untracked 
| 755|0x00000000af300000, 0x00000000af300000, 0x00000000af400000|  0%| F|  |TAMS 0x00000000af300000, 0x00000000af300000| Untracked 
| 756|0x00000000af400000, 0x00000000af400000, 0x00000000af500000|  0%| F|  |TAMS 0x00000000af400000, 0x00000000af400000| Untracked 
| 757|0x00000000af500000, 0x00000000af500000, 0x00000000af600000|  0%| F|  |TAMS 0x00000000af500000, 0x00000000af500000| Untracked 
| 758|0x00000000af600000, 0x00000000af600000, 0x00000000af700000|  0%| F|  |TAMS 0x00000000af600000, 0x00000000af600000| Untracked 
| 759|0x00000000af700000, 0x00000000af700000, 0x00000000af800000|  0%| F|  |TAMS 0x00000000af700000, 0x00000000af700000| Untracked 
| 760|0x00000000af800000, 0x00000000af800000, 0x00000000af900000|  0%| F|  |TAMS 0x00000000af800000, 0x00000000af800000| Untracked 
| 761|0x00000000af900000, 0x00000000af900000, 0x00000000afa00000|  0%| F|  |TAMS 0x00000000af900000, 0x00000000af900000| Untracked 
| 762|0x00000000afa00000, 0x00000000afa00000, 0x00000000afb00000|  0%| F|  |TAMS 0x00000000afa00000, 0x00000000afa00000| Untracked 
| 763|0x00000000afb00000, 0x00000000afb00000, 0x00000000afc00000|  0%| F|  |TAMS 0x00000000afb00000, 0x00000000afb00000| Untracked 
| 764|0x00000000afc00000, 0x00000000afc00000, 0x00000000afd00000|  0%| F|  |TAMS 0x00000000afc00000, 0x00000000afc00000| Untracked 
| 765|0x00000000afd00000, 0x00000000afd00000, 0x00000000afe00000|  0%| F|  |TAMS 0x00000000afd00000, 0x00000000afd00000| Untracked 
| 766|0x00000000afe00000, 0x00000000afe00000, 0x00000000aff00000|  0%| F|  |TAMS 0x00000000afe00000, 0x00000000afe00000| Untracked 
| 767|0x00000000aff00000, 0x00000000aff00000, 0x00000000b0000000|  0%| F|  |TAMS 0x00000000aff00000, 0x00000000aff00000| Untracked 
| 768|0x00000000b0000000, 0x00000000b0000000, 0x00000000b0100000|  0%| F|  |TAMS 0x00000000b0000000, 0x00000000b0000000| Untracked 
| 769|0x00000000b0100000, 0x00000000b0100000, 0x00000000b0200000|  0%| F|  |TAMS 0x00000000b0100000, 0x00000000b0100000| Untracked 
| 770|0x00000000b0200000, 0x00000000b0200000, 0x00000000b0300000|  0%| F|  |TAMS 0x00000000b0200000, 0x00000000b0200000| Untracked 
| 771|0x00000000b0300000, 0x00000000b0300000, 0x00000000b0400000|  0%| F|  |TAMS 0x00000000b0300000, 0x00000000b0300000| Untracked 
| 772|0x00000000b0400000, 0x00000000b0400000, 0x00000000b0500000|  0%| F|  |TAMS 0x00000000b0400000, 0x00000000b0400000| Untracked 
| 773|0x00000000b0500000, 0x00000000b0500000, 0x00000000b0600000|  0%| F|  |TAMS 0x00000000b0500000, 0x00000000b0500000| Untracked 
| 774|0x00000000b0600000, 0x00000000b0600000, 0x00000000b0700000|  0%| F|  |TAMS 0x00000000b0600000, 0x00000000b0600000| Untracked 
| 775|0x00000000b0700000, 0x00000000b0700000, 0x00000000b0800000|  0%| F|  |TAMS 0x00000000b0700000, 0x00000000b0700000| Untracked 
| 776|0x00000000b0800000, 0x00000000b0800000, 0x00000000b0900000|  0%| F|  |TAMS 0x00000000b0800000, 0x00000000b0800000| Untracked 
| 777|0x00000000b0900000, 0x00000000b0900000, 0x00000000b0a00000|  0%| F|  |TAMS 0x00000000b0900000, 0x00000000b0900000| Untracked 
| 778|0x00000000b0a00000, 0x00000000b0a00000, 0x00000000b0b00000|  0%| F|  |TAMS 0x00000000b0a00000, 0x00000000b0a00000| Untracked 
| 779|0x00000000b0b00000, 0x00000000b0b00000, 0x00000000b0c00000|  0%| F|  |TAMS 0x00000000b0b00000, 0x00000000b0b00000| Untracked 
| 780|0x00000000b0c00000, 0x00000000b0c00000, 0x00000000b0d00000|  0%| F|  |TAMS 0x00000000b0c00000, 0x00000000b0c00000| Untracked 
| 781|0x00000000b0d00000, 0x00000000b0d00000, 0x00000000b0e00000|  0%| F|  |TAMS 0x00000000b0d00000, 0x00000000b0d00000| Untracked 
| 782|0x00000000b0e00000, 0x00000000b0e00000, 0x00000000b0f00000|  0%| F|  |TAMS 0x00000000b0e00000, 0x00000000b0e00000| Untracked 
| 783|0x00000000b0f00000, 0x00000000b0f00000, 0x00000000b1000000|  0%| F|  |TAMS 0x00000000b0f00000, 0x00000000b0f00000| Untracked 
| 784|0x00000000b1000000, 0x00000000b1000000, 0x00000000b1100000|  0%| F|  |TAMS 0x00000000b1000000, 0x00000000b1000000| Untracked 
| 785|0x00000000b1100000, 0x00000000b1100000, 0x00000000b1200000|  0%| F|  |TAMS 0x00000000b1100000, 0x00000000b1100000| Untracked 
| 786|0x00000000b1200000, 0x00000000b1200000, 0x00000000b1300000|  0%| F|  |TAMS 0x00000000b1200000, 0x00000000b1200000| Untracked 
| 787|0x00000000b1300000, 0x00000000b1300000, 0x00000000b1400000|  0%| F|  |TAMS 0x00000000b1300000, 0x00000000b1300000| Untracked 
| 788|0x00000000b1400000, 0x00000000b1400000, 0x00000000b1500000|  0%| F|  |TAMS 0x00000000b1400000, 0x00000000b1400000| Untracked 
| 789|0x00000000b1500000, 0x00000000b1500000, 0x00000000b1600000|  0%| F|  |TAMS 0x00000000b1500000, 0x00000000b1500000| Untracked 
| 790|0x00000000b1600000, 0x00000000b1600000, 0x00000000b1700000|  0%| F|  |TAMS 0x00000000b1600000, 0x00000000b1600000| Untracked 
| 791|0x00000000b1700000, 0x00000000b1700000, 0x00000000b1800000|  0%| F|  |TAMS 0x00000000b1700000, 0x00000000b1700000| Untracked 
| 792|0x00000000b1800000, 0x00000000b1800000, 0x00000000b1900000|  0%| F|  |TAMS 0x00000000b1800000, 0x00000000b1800000| Untracked 
| 793|0x00000000b1900000, 0x00000000b1900000, 0x00000000b1a00000|  0%| F|  |TAMS 0x00000000b1900000, 0x00000000b1900000| Untracked 
| 794|0x00000000b1a00000, 0x00000000b1a00000, 0x00000000b1b00000|  0%| F|  |TAMS 0x00000000b1a00000, 0x00000000b1a00000| Untracked 
| 795|0x00000000b1b00000, 0x00000000b1b00000, 0x00000000b1c00000|  0%| F|  |TAMS 0x00000000b1b00000, 0x00000000b1b00000| Untracked 
| 796|0x00000000b1c00000, 0x00000000b1c00000, 0x00000000b1d00000|  0%| F|  |TAMS 0x00000000b1c00000, 0x00000000b1c00000| Untracked 
| 797|0x00000000b1d00000, 0x00000000b1d00000, 0x00000000b1e00000|  0%| F|  |TAMS 0x00000000b1d00000, 0x00000000b1d00000| Untracked 
| 798|0x00000000b1e00000, 0x00000000b1e00000, 0x00000000b1f00000|  0%| F|  |TAMS 0x00000000b1e00000, 0x00000000b1e00000| Untracked 
| 799|0x00000000b1f00000, 0x00000000b1f00000, 0x00000000b2000000|  0%| F|  |TAMS 0x00000000b1f00000, 0x00000000b1f00000| Untracked 
| 800|0x00000000b2000000, 0x00000000b2000000, 0x00000000b2100000|  0%| F|  |TAMS 0x00000000b2000000, 0x00000000b2000000| Untracked 
| 801|0x00000000b2100000, 0x00000000b2100000, 0x00000000b2200000|  0%| F|  |TAMS 0x00000000b2100000, 0x00000000b2100000| Untracked 
| 802|0x00000000b2200000, 0x00000000b2200000, 0x00000000b2300000|  0%| F|  |TAMS 0x00000000b2200000, 0x00000000b2200000| Untracked 
| 803|0x00000000b2300000, 0x00000000b2300000, 0x00000000b2400000|  0%| F|  |TAMS 0x00000000b2300000, 0x00000000b2300000| Untracked 
| 804|0x00000000b2400000, 0x00000000b2400000, 0x00000000b2500000|  0%| F|  |TAMS 0x00000000b2400000, 0x00000000b2400000| Untracked 
| 805|0x00000000b2500000, 0x00000000b2500000, 0x00000000b2600000|  0%| F|  |TAMS 0x00000000b2500000, 0x00000000b2500000| Untracked 
| 806|0x00000000b2600000, 0x00000000b2600000, 0x00000000b2700000|  0%| F|  |TAMS 0x00000000b2600000, 0x00000000b2600000| Untracked 
| 807|0x00000000b2700000, 0x00000000b2700000, 0x00000000b2800000|  0%| F|  |TAMS 0x00000000b2700000, 0x00000000b2700000| Untracked 
| 808|0x00000000b2800000, 0x00000000b2800000, 0x00000000b2900000|  0%| F|  |TAMS 0x00000000b2800000, 0x00000000b2800000| Untracked 
| 809|0x00000000b2900000, 0x00000000b2900000, 0x00000000b2a00000|  0%| F|  |TAMS 0x00000000b2900000, 0x00000000b2900000| Untracked 
| 810|0x00000000b2a00000, 0x00000000b2a00000, 0x00000000b2b00000|  0%| F|  |TAMS 0x00000000b2a00000, 0x00000000b2a00000| Untracked 
| 811|0x00000000b2b00000, 0x00000000b2b00000, 0x00000000b2c00000|  0%| F|  |TAMS 0x00000000b2b00000, 0x00000000b2b00000| Untracked 
| 812|0x00000000b2c00000, 0x00000000b2c00000, 0x00000000b2d00000|  0%| F|  |TAMS 0x00000000b2c00000, 0x00000000b2c00000| Untracked 
| 813|0x00000000b2d00000, 0x00000000b2d00000, 0x00000000b2e00000|  0%| F|  |TAMS 0x00000000b2d00000, 0x00000000b2d00000| Untracked 
| 814|0x00000000b2e00000, 0x00000000b2e00000, 0x00000000b2f00000|  0%| F|  |TAMS 0x00000000b2e00000, 0x00000000b2e00000| Untracked 
| 815|0x00000000b2f00000, 0x00000000b2f00000, 0x00000000b3000000|  0%| F|  |TAMS 0x00000000b2f00000, 0x00000000b2f00000| Untracked 
| 816|0x00000000b3000000, 0x00000000b3000000, 0x00000000b3100000|  0%| F|  |TAMS 0x00000000b3000000, 0x00000000b3000000| Untracked 
| 817|0x00000000b3100000, 0x00000000b3100000, 0x00000000b3200000|  0%| F|  |TAMS 0x00000000b3100000, 0x00000000b3100000| Untracked 
| 818|0x00000000b3200000, 0x00000000b3200000, 0x00000000b3300000|  0%| F|  |TAMS 0x00000000b3200000, 0x00000000b3200000| Untracked 
| 819|0x00000000b3300000, 0x00000000b3300000, 0x00000000b3400000|  0%| F|  |TAMS 0x00000000b3300000, 0x00000000b3300000| Untracked 
| 820|0x00000000b3400000, 0x00000000b3400000, 0x00000000b3500000|  0%| F|  |TAMS 0x00000000b3400000, 0x00000000b3400000| Untracked 
| 821|0x00000000b3500000, 0x00000000b3500000, 0x00000000b3600000|  0%| F|  |TAMS 0x00000000b3500000, 0x00000000b3500000| Untracked 
| 822|0x00000000b3600000, 0x00000000b3600000, 0x00000000b3700000|  0%| F|  |TAMS 0x00000000b3600000, 0x00000000b3600000| Untracked 
| 823|0x00000000b3700000, 0x00000000b3700000, 0x00000000b3800000|  0%| F|  |TAMS 0x00000000b3700000, 0x00000000b3700000| Untracked 
| 824|0x00000000b3800000, 0x00000000b3800000, 0x00000000b3900000|  0%| F|  |TAMS 0x00000000b3800000, 0x00000000b3800000| Untracked 
| 825|0x00000000b3900000, 0x00000000b3900000, 0x00000000b3a00000|  0%| F|  |TAMS 0x00000000b3900000, 0x00000000b3900000| Untracked 
| 826|0x00000000b3a00000, 0x00000000b3a00000, 0x00000000b3b00000|  0%| F|  |TAMS 0x00000000b3a00000, 0x00000000b3a00000| Untracked 
| 827|0x00000000b3b00000, 0x00000000b3b00000, 0x00000000b3c00000|  0%| F|  |TAMS 0x00000000b3b00000, 0x00000000b3b00000| Untracked 
| 828|0x00000000b3c00000, 0x00000000b3c00000, 0x00000000b3d00000|  0%| F|  |TAMS 0x00000000b3c00000, 0x00000000b3c00000| Untracked 
| 829|0x00000000b3d00000, 0x00000000b3d00000, 0x00000000b3e00000|  0%| F|  |TAMS 0x00000000b3d00000, 0x00000000b3d00000| Untracked 
| 830|0x00000000b3e00000, 0x00000000b3e00000, 0x00000000b3f00000|  0%| F|  |TAMS 0x00000000b3e00000, 0x00000000b3e00000| Untracked 
| 831|0x00000000b3f00000, 0x00000000b3f00000, 0x00000000b4000000|  0%| F|  |TAMS 0x00000000b3f00000, 0x00000000b3f00000| Untracked 
| 832|0x00000000b4000000, 0x00000000b4000000, 0x00000000b4100000|  0%| F|  |TAMS 0x00000000b4000000, 0x00000000b4000000| Untracked 
| 833|0x00000000b4100000, 0x00000000b4100000, 0x00000000b4200000|  0%| F|  |TAMS 0x00000000b4100000, 0x00000000b4100000| Untracked 
| 834|0x00000000b4200000, 0x00000000b4200000, 0x00000000b4300000|  0%| F|  |TAMS 0x00000000b4200000, 0x00000000b4200000| Untracked 
| 835|0x00000000b4300000, 0x00000000b4300000, 0x00000000b4400000|  0%| F|  |TAMS 0x00000000b4300000, 0x00000000b4300000| Untracked 
| 836|0x00000000b4400000, 0x00000000b4400000, 0x00000000b4500000|  0%| F|  |TAMS 0x00000000b4400000, 0x00000000b4400000| Untracked 
| 837|0x00000000b4500000, 0x00000000b4500000, 0x00000000b4600000|  0%| F|  |TAMS 0x00000000b4500000, 0x00000000b4500000| Untracked 
| 838|0x00000000b4600000, 0x00000000b4600000, 0x00000000b4700000|  0%| F|  |TAMS 0x00000000b4600000, 0x00000000b4600000| Untracked 
| 839|0x00000000b4700000, 0x00000000b4700000, 0x00000000b4800000|  0%| F|  |TAMS 0x00000000b4700000, 0x00000000b4700000| Untracked 
| 840|0x00000000b4800000, 0x00000000b4800000, 0x00000000b4900000|  0%| F|  |TAMS 0x00000000b4800000, 0x00000000b4800000| Untracked 
| 841|0x00000000b4900000, 0x00000000b4900000, 0x00000000b4a00000|  0%| F|  |TAMS 0x00000000b4900000, 0x00000000b4900000| Untracked 
| 842|0x00000000b4a00000, 0x00000000b4a00000, 0x00000000b4b00000|  0%| F|  |TAMS 0x00000000b4a00000, 0x00000000b4a00000| Untracked 
| 843|0x00000000b4b00000, 0x00000000b4b00000, 0x00000000b4c00000|  0%| F|  |TAMS 0x00000000b4b00000, 0x00000000b4b00000| Untracked 
| 844|0x00000000b4c00000, 0x00000000b4c00000, 0x00000000b4d00000|  0%| F|  |TAMS 0x00000000b4c00000, 0x00000000b4c00000| Untracked 
| 845|0x00000000b4d00000, 0x00000000b4d00000, 0x00000000b4e00000|  0%| F|  |TAMS 0x00000000b4d00000, 0x00000000b4d00000| Untracked 
| 846|0x00000000b4e00000, 0x00000000b4e00000, 0x00000000b4f00000|  0%| F|  |TAMS 0x00000000b4e00000, 0x00000000b4e00000| Untracked 
| 847|0x00000000b4f00000, 0x00000000b4f00000, 0x00000000b5000000|  0%| F|  |TAMS 0x00000000b4f00000, 0x00000000b4f00000| Untracked 
| 848|0x00000000b5000000, 0x00000000b5000000, 0x00000000b5100000|  0%| F|  |TAMS 0x00000000b5000000, 0x00000000b5000000| Untracked 
| 849|0x00000000b5100000, 0x00000000b5100000, 0x00000000b5200000|  0%| F|  |TAMS 0x00000000b5100000, 0x00000000b5100000| Untracked 
| 850|0x00000000b5200000, 0x00000000b5200000, 0x00000000b5300000|  0%| F|  |TAMS 0x00000000b5200000, 0x00000000b5200000| Untracked 
| 851|0x00000000b5300000, 0x00000000b5300000, 0x00000000b5400000|  0%| F|  |TAMS 0x00000000b5300000, 0x00000000b5300000| Untracked 
| 852|0x00000000b5400000, 0x00000000b5400000, 0x00000000b5500000|  0%| F|  |TAMS 0x00000000b5400000, 0x00000000b5400000| Untracked 
| 853|0x00000000b5500000, 0x00000000b5500000, 0x00000000b5600000|  0%| F|  |TAMS 0x00000000b5500000, 0x00000000b5500000| Untracked 
| 854|0x00000000b5600000, 0x00000000b5600000, 0x00000000b5700000|  0%| F|  |TAMS 0x00000000b5600000, 0x00000000b5600000| Untracked 
| 855|0x00000000b5700000, 0x00000000b5700000, 0x00000000b5800000|  0%| F|  |TAMS 0x00000000b5700000, 0x00000000b5700000| Untracked 
| 856|0x00000000b5800000, 0x00000000b5800000, 0x00000000b5900000|  0%| F|  |TAMS 0x00000000b5800000, 0x00000000b5800000| Untracked 
| 857|0x00000000b5900000, 0x00000000b5900000, 0x00000000b5a00000|  0%| F|  |TAMS 0x00000000b5900000, 0x00000000b5900000| Untracked 
| 858|0x00000000b5a00000, 0x00000000b5a00000, 0x00000000b5b00000|  0%| F|  |TAMS 0x00000000b5a00000, 0x00000000b5a00000| Untracked 
| 859|0x00000000b5b00000, 0x00000000b5b00000, 0x00000000b5c00000|  0%| F|  |TAMS 0x00000000b5b00000, 0x00000000b5b00000| Untracked 
| 860|0x00000000b5c00000, 0x00000000b5c00000, 0x00000000b5d00000|  0%| F|  |TAMS 0x00000000b5c00000, 0x00000000b5c00000| Untracked 
| 861|0x00000000b5d00000, 0x00000000b5d00000, 0x00000000b5e00000|  0%| F|  |TAMS 0x00000000b5d00000, 0x00000000b5d00000| Untracked 
| 862|0x00000000b5e00000, 0x00000000b5e00000, 0x00000000b5f00000|  0%| F|  |TAMS 0x00000000b5e00000, 0x00000000b5e00000| Untracked 
| 863|0x00000000b5f00000, 0x00000000b5f00000, 0x00000000b6000000|  0%| F|  |TAMS 0x00000000b5f00000, 0x00000000b5f00000| Untracked 
| 864|0x00000000b6000000, 0x00000000b6000000, 0x00000000b6100000|  0%| F|  |TAMS 0x00000000b6000000, 0x00000000b6000000| Untracked 
| 865|0x00000000b6100000, 0x00000000b6100000, 0x00000000b6200000|  0%| F|  |TAMS 0x00000000b6100000, 0x00000000b6100000| Untracked 
| 866|0x00000000b6200000, 0x00000000b6200000, 0x00000000b6300000|  0%| F|  |TAMS 0x00000000b6200000, 0x00000000b6200000| Untracked 
| 867|0x00000000b6300000, 0x00000000b6300000, 0x00000000b6400000|  0%| F|  |TAMS 0x00000000b6300000, 0x00000000b6300000| Untracked 
| 868|0x00000000b6400000, 0x00000000b6400000, 0x00000000b6500000|  0%| F|  |TAMS 0x00000000b6400000, 0x00000000b6400000| Untracked 
| 869|0x00000000b6500000, 0x00000000b6500000, 0x00000000b6600000|  0%| F|  |TAMS 0x00000000b6500000, 0x00000000b6500000| Untracked 
| 870|0x00000000b6600000, 0x00000000b6600000, 0x00000000b6700000|  0%| F|  |TAMS 0x00000000b6600000, 0x00000000b6600000| Untracked 
| 871|0x00000000b6700000, 0x00000000b6700000, 0x00000000b6800000|  0%| F|  |TAMS 0x00000000b6700000, 0x00000000b6700000| Untracked 
| 872|0x00000000b6800000, 0x00000000b6800000, 0x00000000b6900000|  0%| F|  |TAMS 0x00000000b6800000, 0x00000000b6800000| Untracked 
| 873|0x00000000b6900000, 0x00000000b6900000, 0x00000000b6a00000|  0%| F|  |TAMS 0x00000000b6900000, 0x00000000b6900000| Untracked 
| 874|0x00000000b6a00000, 0x00000000b6a00000, 0x00000000b6b00000|  0%| F|  |TAMS 0x00000000b6a00000, 0x00000000b6a00000| Untracked 
| 875|0x00000000b6b00000, 0x00000000b6b00000, 0x00000000b6c00000|  0%| F|  |TAMS 0x00000000b6b00000, 0x00000000b6b00000| Untracked 
| 876|0x00000000b6c00000, 0x00000000b6c00000, 0x00000000b6d00000|  0%| F|  |TAMS 0x00000000b6c00000, 0x00000000b6c00000| Untracked 
| 877|0x00000000b6d00000, 0x00000000b6d00000, 0x00000000b6e00000|  0%| F|  |TAMS 0x00000000b6d00000, 0x00000000b6d00000| Untracked 
| 878|0x00000000b6e00000, 0x00000000b6e00000, 0x00000000b6f00000|  0%| F|  |TAMS 0x00000000b6e00000, 0x00000000b6e00000| Untracked 
| 879|0x00000000b6f00000, 0x00000000b6f00000, 0x00000000b7000000|  0%| F|  |TAMS 0x00000000b6f00000, 0x00000000b6f00000| Untracked 
| 880|0x00000000b7000000, 0x00000000b7000000, 0x00000000b7100000|  0%| F|  |TAMS 0x00000000b7000000, 0x00000000b7000000| Untracked 
| 881|0x00000000b7100000, 0x00000000b7100000, 0x00000000b7200000|  0%| F|  |TAMS 0x00000000b7100000, 0x00000000b7100000| Untracked 
| 882|0x00000000b7200000, 0x00000000b7200000, 0x00000000b7300000|  0%| F|  |TAMS 0x00000000b7200000, 0x00000000b7200000| Untracked 
| 883|0x00000000b7300000, 0x00000000b7300000, 0x00000000b7400000|  0%| F|  |TAMS 0x00000000b7300000, 0x00000000b7300000| Untracked 
| 884|0x00000000b7400000, 0x00000000b7400000, 0x00000000b7500000|  0%| F|  |TAMS 0x00000000b7400000, 0x00000000b7400000| Untracked 
| 885|0x00000000b7500000, 0x00000000b7500000, 0x00000000b7600000|  0%| F|  |TAMS 0x00000000b7500000, 0x00000000b7500000| Untracked 
| 886|0x00000000b7600000, 0x00000000b7600000, 0x00000000b7700000|  0%| F|  |TAMS 0x00000000b7600000, 0x00000000b7600000| Untracked 
| 887|0x00000000b7700000, 0x00000000b7700000, 0x00000000b7800000|  0%| F|  |TAMS 0x00000000b7700000, 0x00000000b7700000| Untracked 
| 888|0x00000000b7800000, 0x00000000b7800000, 0x00000000b7900000|  0%| F|  |TAMS 0x00000000b7800000, 0x00000000b7800000| Untracked 
| 889|0x00000000b7900000, 0x00000000b7900000, 0x00000000b7a00000|  0%| F|  |TAMS 0x00000000b7900000, 0x00000000b7900000| Untracked 
| 890|0x00000000b7a00000, 0x00000000b7a00000, 0x00000000b7b00000|  0%| F|  |TAMS 0x00000000b7a00000, 0x00000000b7a00000| Untracked 
| 891|0x00000000b7b00000, 0x00000000b7b00000, 0x00000000b7c00000|  0%| F|  |TAMS 0x00000000b7b00000, 0x00000000b7b00000| Untracked 
| 892|0x00000000b7c00000, 0x00000000b7c00000, 0x00000000b7d00000|  0%| F|  |TAMS 0x00000000b7c00000, 0x00000000b7c00000| Untracked 
| 893|0x00000000b7d00000, 0x00000000b7d00000, 0x00000000b7e00000|  0%| F|  |TAMS 0x00000000b7d00000, 0x00000000b7d00000| Untracked 
| 894|0x00000000b7e00000, 0x00000000b7e00000, 0x00000000b7f00000|  0%| F|  |TAMS 0x00000000b7e00000, 0x00000000b7e00000| Untracked 
| 895|0x00000000b7f00000, 0x00000000b7f00000, 0x00000000b8000000|  0%| F|  |TAMS 0x00000000b7f00000, 0x00000000b7f00000| Untracked 
| 896|0x00000000b8000000, 0x00000000b8000000, 0x00000000b8100000|  0%| F|  |TAMS 0x00000000b8000000, 0x00000000b8000000| Untracked 
| 897|0x00000000b8100000, 0x00000000b8100000, 0x00000000b8200000|  0%| F|  |TAMS 0x00000000b8100000, 0x00000000b8100000| Untracked 
| 898|0x00000000b8200000, 0x00000000b8200000, 0x00000000b8300000|  0%| F|  |TAMS 0x00000000b8200000, 0x00000000b8200000| Untracked 
| 899|0x00000000b8300000, 0x00000000b8300000, 0x00000000b8400000|  0%| F|  |TAMS 0x00000000b8300000, 0x00000000b8300000| Untracked 
| 900|0x00000000b8400000, 0x00000000b8400000, 0x00000000b8500000|  0%| F|  |TAMS 0x00000000b8400000, 0x00000000b8400000| Untracked 
| 901|0x00000000b8500000, 0x00000000b8500000, 0x00000000b8600000|  0%| F|  |TAMS 0x00000000b8500000, 0x00000000b8500000| Untracked 
| 902|0x00000000b8600000, 0x00000000b8600000, 0x00000000b8700000|  0%| F|  |TAMS 0x00000000b8600000, 0x00000000b8600000| Untracked 
| 903|0x00000000b8700000, 0x00000000b8700000, 0x00000000b8800000|  0%| F|  |TAMS 0x00000000b8700000, 0x00000000b8700000| Untracked 
| 904|0x00000000b8800000, 0x00000000b8800000, 0x00000000b8900000|  0%| F|  |TAMS 0x00000000b8800000, 0x00000000b8800000| Untracked 
| 905|0x00000000b8900000, 0x00000000b8900000, 0x00000000b8a00000|  0%| F|  |TAMS 0x00000000b8900000, 0x00000000b8900000| Untracked 
| 906|0x00000000b8a00000, 0x00000000b8a00000, 0x00000000b8b00000|  0%| F|  |TAMS 0x00000000b8a00000, 0x00000000b8a00000| Untracked 
| 907|0x00000000b8b00000, 0x00000000b8b00000, 0x00000000b8c00000|  0%| F|  |TAMS 0x00000000b8b00000, 0x00000000b8b00000| Untracked 
| 908|0x00000000b8c00000, 0x00000000b8c00000, 0x00000000b8d00000|  0%| F|  |TAMS 0x00000000b8c00000, 0x00000000b8c00000| Untracked 
| 909|0x00000000b8d00000, 0x00000000b8d00000, 0x00000000b8e00000|  0%| F|  |TAMS 0x00000000b8d00000, 0x00000000b8d00000| Untracked 
| 910|0x00000000b8e00000, 0x00000000b8e00000, 0x00000000b8f00000|  0%| F|  |TAMS 0x00000000b8e00000, 0x00000000b8e00000| Untracked 
| 911|0x00000000b8f00000, 0x00000000b8f00000, 0x00000000b9000000|  0%| F|  |TAMS 0x00000000b8f00000, 0x00000000b8f00000| Untracked 
| 912|0x00000000b9000000, 0x00000000b9000000, 0x00000000b9100000|  0%| F|  |TAMS 0x00000000b9000000, 0x00000000b9000000| Untracked 
| 913|0x00000000b9100000, 0x00000000b9100000, 0x00000000b9200000|  0%| F|  |TAMS 0x00000000b9100000, 0x00000000b9100000| Untracked 
| 914|0x00000000b9200000, 0x00000000b9200000, 0x00000000b9300000|  0%| F|  |TAMS 0x00000000b9200000, 0x00000000b9200000| Untracked 
| 915|0x00000000b9300000, 0x00000000b9300000, 0x00000000b9400000|  0%| F|  |TAMS 0x00000000b9300000, 0x00000000b9300000| Untracked 
| 916|0x00000000b9400000, 0x00000000b9400000, 0x00000000b9500000|  0%| F|  |TAMS 0x00000000b9400000, 0x00000000b9400000| Untracked 
| 917|0x00000000b9500000, 0x00000000b9500000, 0x00000000b9600000|  0%| F|  |TAMS 0x00000000b9500000, 0x00000000b9500000| Untracked 
| 918|0x00000000b9600000, 0x00000000b9600000, 0x00000000b9700000|  0%| F|  |TAMS 0x00000000b9600000, 0x00000000b9600000| Untracked 
| 919|0x00000000b9700000, 0x00000000b9700000, 0x00000000b9800000|  0%| F|  |TAMS 0x00000000b9700000, 0x00000000b9700000| Untracked 
| 920|0x00000000b9800000, 0x00000000b9800000, 0x00000000b9900000|  0%| F|  |TAMS 0x00000000b9800000, 0x00000000b9800000| Untracked 
| 921|0x00000000b9900000, 0x00000000b9900000, 0x00000000b9a00000|  0%| F|  |TAMS 0x00000000b9900000, 0x00000000b9900000| Untracked 
| 922|0x00000000b9a00000, 0x00000000b9a00000, 0x00000000b9b00000|  0%| F|  |TAMS 0x00000000b9a00000, 0x00000000b9a00000| Untracked 
| 923|0x00000000b9b00000, 0x00000000b9b00000, 0x00000000b9c00000|  0%| F|  |TAMS 0x00000000b9b00000, 0x00000000b9b00000| Untracked 
| 924|0x00000000b9c00000, 0x00000000b9c00000, 0x00000000b9d00000|  0%| F|  |TAMS 0x00000000b9c00000, 0x00000000b9c00000| Untracked 
| 925|0x00000000b9d00000, 0x00000000b9d00000, 0x00000000b9e00000|  0%| F|  |TAMS 0x00000000b9d00000, 0x00000000b9d00000| Untracked 
| 926|0x00000000b9e00000, 0x00000000b9e00000, 0x00000000b9f00000|  0%| F|  |TAMS 0x00000000b9e00000, 0x00000000b9e00000| Untracked 
| 927|0x00000000b9f00000, 0x00000000b9f00000, 0x00000000ba000000|  0%| F|  |TAMS 0x00000000b9f00000, 0x00000000b9f00000| Untracked 
| 928|0x00000000ba000000, 0x00000000ba000000, 0x00000000ba100000|  0%| F|  |TAMS 0x00000000ba000000, 0x00000000ba000000| Untracked 
| 929|0x00000000ba100000, 0x00000000ba100000, 0x00000000ba200000|  0%| F|  |TAMS 0x00000000ba100000, 0x00000000ba100000| Untracked 
| 930|0x00000000ba200000, 0x00000000ba200000, 0x00000000ba300000|  0%| F|  |TAMS 0x00000000ba200000, 0x00000000ba200000| Untracked 
| 931|0x00000000ba300000, 0x00000000ba300000, 0x00000000ba400000|  0%| F|  |TAMS 0x00000000ba300000, 0x00000000ba300000| Untracked 
| 932|0x00000000ba400000, 0x00000000ba400000, 0x00000000ba500000|  0%| F|  |TAMS 0x00000000ba400000, 0x00000000ba400000| Untracked 
| 933|0x00000000ba500000, 0x00000000ba500000, 0x00000000ba600000|  0%| F|  |TAMS 0x00000000ba500000, 0x00000000ba500000| Untracked 
| 934|0x00000000ba600000, 0x00000000ba600000, 0x00000000ba700000|  0%| F|  |TAMS 0x00000000ba600000, 0x00000000ba600000| Untracked 
| 935|0x00000000ba700000, 0x00000000ba700000, 0x00000000ba800000|  0%| F|  |TAMS 0x00000000ba700000, 0x00000000ba700000| Untracked 
| 936|0x00000000ba800000, 0x00000000ba800000, 0x00000000ba900000|  0%| F|  |TAMS 0x00000000ba800000, 0x00000000ba800000| Untracked 
| 937|0x00000000ba900000, 0x00000000ba900000, 0x00000000baa00000|  0%| F|  |TAMS 0x00000000ba900000, 0x00000000ba900000| Untracked 
| 938|0x00000000baa00000, 0x00000000baa00000, 0x00000000bab00000|  0%| F|  |TAMS 0x00000000baa00000, 0x00000000baa00000| Untracked 
| 939|0x00000000bab00000, 0x00000000bab00000, 0x00000000bac00000|  0%| F|  |TAMS 0x00000000bab00000, 0x00000000bab00000| Untracked 
| 940|0x00000000bac00000, 0x00000000bac00000, 0x00000000bad00000|  0%| F|  |TAMS 0x00000000bac00000, 0x00000000bac00000| Untracked 
| 941|0x00000000bad00000, 0x00000000bad00000, 0x00000000bae00000|  0%| F|  |TAMS 0x00000000bad00000, 0x00000000bad00000| Untracked 
| 942|0x00000000bae00000, 0x00000000bae00000, 0x00000000baf00000|  0%| F|  |TAMS 0x00000000bae00000, 0x00000000bae00000| Untracked 
| 943|0x00000000baf00000, 0x00000000baf00000, 0x00000000bb000000|  0%| F|  |TAMS 0x00000000baf00000, 0x00000000baf00000| Untracked 
| 944|0x00000000bb000000, 0x00000000bb000000, 0x00000000bb100000|  0%| F|  |TAMS 0x00000000bb000000, 0x00000000bb000000| Untracked 
| 945|0x00000000bb100000, 0x00000000bb100000, 0x00000000bb200000|  0%| F|  |TAMS 0x00000000bb100000, 0x00000000bb100000| Untracked 
| 946|0x00000000bb200000, 0x00000000bb200000, 0x00000000bb300000|  0%| F|  |TAMS 0x00000000bb200000, 0x00000000bb200000| Untracked 
| 947|0x00000000bb300000, 0x00000000bb300000, 0x00000000bb400000|  0%| F|  |TAMS 0x00000000bb300000, 0x00000000bb300000| Untracked 
| 948|0x00000000bb400000, 0x00000000bb400000, 0x00000000bb500000|  0%| F|  |TAMS 0x00000000bb400000, 0x00000000bb400000| Untracked 
| 949|0x00000000bb500000, 0x00000000bb500000, 0x00000000bb600000|  0%| F|  |TAMS 0x00000000bb500000, 0x00000000bb500000| Untracked 
| 950|0x00000000bb600000, 0x00000000bb600000, 0x00000000bb700000|  0%| F|  |TAMS 0x00000000bb600000, 0x00000000bb600000| Untracked 
| 951|0x00000000bb700000, 0x00000000bb700000, 0x00000000bb800000|  0%| F|  |TAMS 0x00000000bb700000, 0x00000000bb700000| Untracked 
| 952|0x00000000bb800000, 0x00000000bb800000, 0x00000000bb900000|  0%| F|  |TAMS 0x00000000bb800000, 0x00000000bb800000| Untracked 
| 953|0x00000000bb900000, 0x00000000bb900000, 0x00000000bba00000|  0%| F|  |TAMS 0x00000000bb900000, 0x00000000bb900000| Untracked 
| 954|0x00000000bba00000, 0x00000000bba00000, 0x00000000bbb00000|  0%| F|  |TAMS 0x00000000bba00000, 0x00000000bba00000| Untracked 
| 955|0x00000000bbb00000, 0x00000000bbb00000, 0x00000000bbc00000|  0%| F|  |TAMS 0x00000000bbb00000, 0x00000000bbb00000| Untracked 
| 956|0x00000000bbc00000, 0x00000000bbc00000, 0x00000000bbd00000|  0%| F|  |TAMS 0x00000000bbc00000, 0x00000000bbc00000| Untracked 
| 957|0x00000000bbd00000, 0x00000000bbd00000, 0x00000000bbe00000|  0%| F|  |TAMS 0x00000000bbd00000, 0x00000000bbd00000| Untracked 
| 958|0x00000000bbe00000, 0x00000000bbe00000, 0x00000000bbf00000|  0%| F|  |TAMS 0x00000000bbe00000, 0x00000000bbe00000| Untracked 
| 959|0x00000000bbf00000, 0x00000000bbf00000, 0x00000000bc000000|  0%| F|  |TAMS 0x00000000bbf00000, 0x00000000bbf00000| Untracked 
| 960|0x00000000bc000000, 0x00000000bc000000, 0x00000000bc100000|  0%| F|  |TAMS 0x00000000bc000000, 0x00000000bc000000| Untracked 
| 961|0x00000000bc100000, 0x00000000bc100000, 0x00000000bc200000|  0%| F|  |TAMS 0x00000000bc100000, 0x00000000bc100000| Untracked 
| 962|0x00000000bc200000, 0x00000000bc200000, 0x00000000bc300000|  0%| F|  |TAMS 0x00000000bc200000, 0x00000000bc200000| Untracked 
| 963|0x00000000bc300000, 0x00000000bc300000, 0x00000000bc400000|  0%| F|  |TAMS 0x00000000bc300000, 0x00000000bc300000| Untracked 
| 964|0x00000000bc400000, 0x00000000bc400000, 0x00000000bc500000|  0%| F|  |TAMS 0x00000000bc400000, 0x00000000bc400000| Untracked 
| 965|0x00000000bc500000, 0x00000000bc500000, 0x00000000bc600000|  0%| F|  |TAMS 0x00000000bc500000, 0x00000000bc500000| Untracked 
| 966|0x00000000bc600000, 0x00000000bc600000, 0x00000000bc700000|  0%| F|  |TAMS 0x00000000bc600000, 0x00000000bc600000| Untracked 
| 967|0x00000000bc700000, 0x00000000bc700000, 0x00000000bc800000|  0%| F|  |TAMS 0x00000000bc700000, 0x00000000bc700000| Untracked 
| 968|0x00000000bc800000, 0x00000000bc800000, 0x00000000bc900000|  0%| F|  |TAMS 0x00000000bc800000, 0x00000000bc800000| Untracked 
| 969|0x00000000bc900000, 0x00000000bc900000, 0x00000000bca00000|  0%| F|  |TAMS 0x00000000bc900000, 0x00000000bc900000| Untracked 
| 970|0x00000000bca00000, 0x00000000bca00000, 0x00000000bcb00000|  0%| F|  |TAMS 0x00000000bca00000, 0x00000000bca00000| Untracked 
| 971|0x00000000bcb00000, 0x00000000bcb00000, 0x00000000bcc00000|  0%| F|  |TAMS 0x00000000bcb00000, 0x00000000bcb00000| Untracked 
| 972|0x00000000bcc00000, 0x00000000bcc00000, 0x00000000bcd00000|  0%| F|  |TAMS 0x00000000bcc00000, 0x00000000bcc00000| Untracked 
| 973|0x00000000bcd00000, 0x00000000bcd00000, 0x00000000bce00000|  0%| F|  |TAMS 0x00000000bcd00000, 0x00000000bcd00000| Untracked 
| 974|0x00000000bce00000, 0x00000000bce00000, 0x00000000bcf00000|  0%| F|  |TAMS 0x00000000bce00000, 0x00000000bce00000| Untracked 
| 975|0x00000000bcf00000, 0x00000000bcf00000, 0x00000000bd000000|  0%| F|  |TAMS 0x00000000bcf00000, 0x00000000bcf00000| Untracked 
| 976|0x00000000bd000000, 0x00000000bd000000, 0x00000000bd100000|  0%| F|  |TAMS 0x00000000bd000000, 0x00000000bd000000| Untracked 
| 977|0x00000000bd100000, 0x00000000bd100000, 0x00000000bd200000|  0%| F|  |TAMS 0x00000000bd100000, 0x00000000bd100000| Untracked 
| 978|0x00000000bd200000, 0x00000000bd200000, 0x00000000bd300000|  0%| F|  |TAMS 0x00000000bd200000, 0x00000000bd200000| Untracked 
| 979|0x00000000bd300000, 0x00000000bd300000, 0x00000000bd400000|  0%| F|  |TAMS 0x00000000bd300000, 0x00000000bd300000| Untracked 
| 980|0x00000000bd400000, 0x00000000bd400000, 0x00000000bd500000|  0%| F|  |TAMS 0x00000000bd400000, 0x00000000bd400000| Untracked 
| 981|0x00000000bd500000, 0x00000000bd500000, 0x00000000bd600000|  0%| F|  |TAMS 0x00000000bd500000, 0x00000000bd500000| Untracked 
| 982|0x00000000bd600000, 0x00000000bd600000, 0x00000000bd700000|  0%| F|  |TAMS 0x00000000bd600000, 0x00000000bd600000| Untracked 
| 983|0x00000000bd700000, 0x00000000bd700000, 0x00000000bd800000|  0%| F|  |TAMS 0x00000000bd700000, 0x00000000bd700000| Untracked 
| 984|0x00000000bd800000, 0x00000000bd800000, 0x00000000bd900000|  0%| F|  |TAMS 0x00000000bd800000, 0x00000000bd800000| Untracked 
| 985|0x00000000bd900000, 0x00000000bd900000, 0x00000000bda00000|  0%| F|  |TAMS 0x00000000bd900000, 0x00000000bd900000| Untracked 
| 986|0x00000000bda00000, 0x00000000bdb00000, 0x00000000bdb00000|100%|HS|  |TAMS 0x00000000bdb00000, 0x00000000bda00000| Complete 
| 987|0x00000000bdb00000, 0x00000000bdc00000, 0x00000000bdc00000|100%|HC|  |TAMS 0x00000000bdc00000, 0x00000000bdb00000| Complete 
| 988|0x00000000bdc00000, 0x00000000bdd00000, 0x00000000bdd00000|100%|HS|  |TAMS 0x00000000bdd00000, 0x00000000bdc00000| Complete 
| 989|0x00000000bdd00000, 0x00000000bdd00000, 0x00000000bde00000|  0%| F|  |TAMS 0x00000000bdd00000, 0x00000000bdd00000| Untracked 
| 990|0x00000000bde00000, 0x00000000bdf00000, 0x00000000bdf00000|100%|HS|  |TAMS 0x00000000bdf00000, 0x00000000bde00000| Complete 
| 991|0x00000000bdf00000, 0x00000000be000000, 0x00000000be000000|100%|HS|  |TAMS 0x00000000be000000, 0x00000000bdf00000| Complete 
| 992|0x00000000be000000, 0x00000000be100000, 0x00000000be100000|100%|HS|  |TAMS 0x00000000be100000, 0x00000000be000000| Complete 
| 993|0x00000000be100000, 0x00000000be200000, 0x00000000be200000|100%|HS|  |TAMS 0x00000000be200000, 0x00000000be100000| Complete 
| 994|0x00000000be200000, 0x00000000be300000, 0x00000000be300000|100%|HC|  |TAMS 0x00000000be300000, 0x00000000be200000| Complete 
| 995|0x00000000be300000, 0x00000000be400000, 0x00000000be400000|100%|HS|  |TAMS 0x00000000be400000, 0x00000000be300000| Complete 
| 996|0x00000000be400000, 0x00000000be500000, 0x00000000be500000|100%|HC|  |TAMS 0x00000000be500000, 0x00000000be400000| Complete 
| 997|0x00000000be500000, 0x00000000be600000, 0x00000000be600000|100%|HS|  |TAMS 0x00000000be600000, 0x00000000be500000| Complete 
| 998|0x00000000be600000, 0x00000000be700000, 0x00000000be700000|100%|HS|  |TAMS 0x00000000be700000, 0x00000000be600000| Complete 
| 999|0x00000000be700000, 0x00000000be800000, 0x00000000be800000|100%|HC|  |TAMS 0x00000000be800000, 0x00000000be700000| Complete 
|1000|0x00000000be800000, 0x00000000be900000, 0x00000000be900000|100%|HS|  |TAMS 0x00000000be900000, 0x00000000be800000| Complete 
|1001|0x00000000be900000, 0x00000000bea00000, 0x00000000bea00000|100%|HS|  |TAMS 0x00000000bea00000, 0x00000000be900000| Complete 
|1002|0x00000000bea00000, 0x00000000beb00000, 0x00000000beb00000|100%|HC|  |TAMS 0x00000000beb00000, 0x00000000bea00000| Complete 
|1003|0x00000000beb00000, 0x00000000bec00000, 0x00000000bec00000|100%|HC|  |TAMS 0x00000000bec00000, 0x00000000beb00000| Complete 
|1004|0x00000000bec00000, 0x00000000bed00000, 0x00000000bed00000|100%| O|  |TAMS 0x00000000bed00000, 0x00000000bec00000| Untracked 
|1005|0x00000000bed00000, 0x00000000bee00000, 0x00000000bee00000|100%| O|  |TAMS 0x00000000bee00000, 0x00000000bed00000| Untracked 
|1006|0x00000000bee00000, 0x00000000bef00000, 0x00000000bef00000|100%| O|  |TAMS 0x00000000bef00000, 0x00000000bee00000| Untracked 
|1007|0x00000000bef00000, 0x00000000bf000000, 0x00000000bf000000|100%|HS|  |TAMS 0x00000000bf000000, 0x00000000bef00000| Complete 
|1008|0x00000000bf000000, 0x00000000bf100000, 0x00000000bf100000|100%|HC|  |TAMS 0x00000000bf100000, 0x00000000bf000000| Complete 
|1009|0x00000000bf100000, 0x00000000bf200000, 0x00000000bf200000|100%| O|  |TAMS 0x00000000bf200000, 0x00000000bf100000| Untracked 
|1010|0x00000000bf200000, 0x00000000bf300000, 0x00000000bf300000|100%|HS|  |TAMS 0x00000000bf300000, 0x00000000bf200000| Complete 
|1011|0x00000000bf300000, 0x00000000bf400000, 0x00000000bf400000|100%| O|  |TAMS 0x00000000bf400000, 0x00000000bf300000| Untracked 
|1012|0x00000000bf400000, 0x00000000bf500000, 0x00000000bf500000|100%|HS|  |TAMS 0x00000000bf500000, 0x00000000bf400000| Complete 
|1013|0x00000000bf500000, 0x00000000bf600000, 0x00000000bf600000|100%| O|  |TAMS 0x00000000bf600000, 0x00000000bf500000| Untracked 
|1014|0x00000000bf600000, 0x00000000bf700000, 0x00000000bf700000|100%|HS|  |TAMS 0x00000000bf700000, 0x00000000bf600000| Complete 
|1015|0x00000000bf700000, 0x00000000bf800000, 0x00000000bf800000|100%| O|  |TAMS 0x00000000bf800000, 0x00000000bf700000| Untracked 
|1016|0x00000000bf800000, 0x00000000bf900000, 0x00000000bf900000|100%|HS|  |TAMS 0x00000000bf900000, 0x00000000bf800000| Complete 
|1017|0x00000000bf900000, 0x00000000bfa00000, 0x00000000bfa00000|100%|HS|  |TAMS 0x00000000bfa00000, 0x00000000bf900000| Complete 
|1018|0x00000000bfa00000, 0x00000000bfb00000, 0x00000000bfb00000|100%|HC|  |TAMS 0x00000000bfb00000, 0x00000000bfa00000| Complete 
|1019|0x00000000bfb00000, 0x00000000bfc00000, 0x00000000bfc00000|100%|HC|  |TAMS 0x00000000bfc00000, 0x00000000bfb00000| Complete 
|1020|0x00000000bfc00000, 0x00000000bfd00000, 0x00000000bfd00000|100%|HS|  |TAMS 0x00000000bfd00000, 0x00000000bfc00000| Complete 
|1021|0x00000000bfd00000, 0x00000000bfe00000, 0x00000000bfe00000|100%|HC|  |TAMS 0x00000000bfe00000, 0x00000000bfd00000| Complete 
|1022|0x00000000bfe00000, 0x00000000bfe00000, 0x00000000bff00000|  0%| F|  |TAMS 0x00000000bfe00000, 0x00000000bfe00000| Untracked 
|1023|0x00000000bff00000, 0x00000000bff00000, 0x00000000c0000000|  0%| F|  |TAMS 0x00000000bff00000, 0x00000000bff00000| Untracked 
|1024|0x00000000c0000000, 0x00000000c0100000, 0x00000000c0100000|100%| O|  |TAMS 0x00000000c0100000, 0x00000000c0000000| Untracked 
|1025|0x00000000c0100000, 0x00000000c0200000, 0x00000000c0200000|100%|HS|  |TAMS 0x00000000c0200000, 0x00000000c0100000| Complete 
|1026|0x00000000c0200000, 0x00000000c0300000, 0x00000000c0300000|100%|HC|  |TAMS 0x00000000c0300000, 0x00000000c0200000| Complete 
|1027|0x00000000c0300000, 0x00000000c0400000, 0x00000000c0400000|100%| O|  |TAMS 0x00000000c0400000, 0x00000000c0300000| Untracked 
|1028|0x00000000c0400000, 0x00000000c0500000, 0x00000000c0500000|100%|HS|  |TAMS 0x00000000c0500000, 0x00000000c0400000| Complete 
|1029|0x00000000c0500000, 0x00000000c0600000, 0x00000000c0600000|100%| O|  |TAMS 0x00000000c0600000, 0x00000000c0500000| Untracked 
|1030|0x00000000c0600000, 0x00000000c0700000, 0x00000000c0700000|100%| O|  |TAMS 0x00000000c0700000, 0x00000000c0600000| Untracked 
|1031|0x00000000c0700000, 0x00000000c0800000, 0x00000000c0800000|100%| O|  |TAMS 0x00000000c0800000, 0x00000000c0700000| Untracked 
|1032|0x00000000c0800000, 0x00000000c0900000, 0x00000000c0900000|100%|HS|  |TAMS 0x00000000c0900000, 0x00000000c0800000| Complete 
|1033|0x00000000c0900000, 0x00000000c0a00000, 0x00000000c0a00000|100%|HC|  |TAMS 0x00000000c0a00000, 0x00000000c0900000| Complete 
|1034|0x00000000c0a00000, 0x00000000c0a00000, 0x00000000c0b00000|  0%| F|  |TAMS 0x00000000c0a00000, 0x00000000c0a00000| Untracked 
|1035|0x00000000c0b00000, 0x00000000c0c00000, 0x00000000c0c00000|100%|HS|  |TAMS 0x00000000c0c00000, 0x00000000c0b00000| Complete 
|1036|0x00000000c0c00000, 0x00000000c0d00000, 0x00000000c0d00000|100%| O|  |TAMS 0x00000000c0d00000, 0x00000000c0c00000| Untracked 
|1037|0x00000000c0d00000, 0x00000000c0e00000, 0x00000000c0e00000|100%| O|  |TAMS 0x00000000c0e00000, 0x00000000c0d00000| Untracked 
|1038|0x00000000c0e00000, 0x00000000c0f00000, 0x00000000c0f00000|100%| O|  |TAMS 0x00000000c0f00000, 0x00000000c0e00000| Untracked 
|1039|0x00000000c0f00000, 0x00000000c0f00000, 0x00000000c1000000|  0%| F|  |TAMS 0x00000000c0f00000, 0x00000000c0f00000| Untracked 
|1040|0x00000000c1000000, 0x00000000c1000000, 0x00000000c1100000|  0%| F|  |TAMS 0x00000000c1000000, 0x00000000c1000000| Untracked 
|1041|0x00000000c1100000, 0x00000000c1100000, 0x00000000c1200000|  0%| F|  |TAMS 0x00000000c1100000, 0x00000000c1100000| Untracked 
|1042|0x00000000c1200000, 0x00000000c1200000, 0x00000000c1300000|  0%| F|  |TAMS 0x00000000c1200000, 0x00000000c1200000| Untracked 
|1043|0x00000000c1300000, 0x00000000c1300000, 0x00000000c1400000|  0%| F|  |TAMS 0x00000000c1300000, 0x00000000c1300000| Untracked 
|1044|0x00000000c1400000, 0x00000000c1400000, 0x00000000c1500000|  0%| F|  |TAMS 0x00000000c1400000, 0x00000000c1400000| Untracked 
|1045|0x00000000c1500000, 0x00000000c1500000, 0x00000000c1600000|  0%| F|  |TAMS 0x00000000c1500000, 0x00000000c1500000| Untracked 
|1046|0x00000000c1600000, 0x00000000c1600000, 0x00000000c1700000|  0%| F|  |TAMS 0x00000000c1600000, 0x00000000c1600000| Untracked 
|1047|0x00000000c1700000, 0x00000000c1700000, 0x00000000c1800000|  0%| F|  |TAMS 0x00000000c1700000, 0x00000000c1700000| Untracked 
|1048|0x00000000c1800000, 0x00000000c1900000, 0x00000000c1900000|100%| O|  |TAMS 0x00000000c1900000, 0x00000000c1800000| Untracked 
|1049|0x00000000c1900000, 0x00000000c1a00000, 0x00000000c1a00000|100%| O|  |TAMS 0x00000000c1a00000, 0x00000000c1900000| Untracked 
|1050|0x00000000c1a00000, 0x00000000c1b00000, 0x00000000c1b00000|100%| O|  |TAMS 0x00000000c1b00000, 0x00000000c1a00000| Untracked 
|1051|0x00000000c1b00000, 0x00000000c1c00000, 0x00000000c1c00000|100%| O|  |TAMS 0x00000000c1c00000, 0x00000000c1b00000| Untracked 
|1052|0x00000000c1c00000, 0x00000000c1d00000, 0x00000000c1d00000|100%| O|  |TAMS 0x00000000c1d00000, 0x00000000c1c00000| Untracked 
|1053|0x00000000c1d00000, 0x00000000c1e00000, 0x00000000c1e00000|100%| O|  |TAMS 0x00000000c1e00000, 0x00000000c1d00000| Untracked 
|1054|0x00000000c1e00000, 0x00000000c1f00000, 0x00000000c1f00000|100%| O|  |TAMS 0x00000000c1f00000, 0x00000000c1e00000| Untracked 
|1055|0x00000000c1f00000, 0x00000000c2000000, 0x00000000c2000000|100%| O|  |TAMS 0x00000000c2000000, 0x00000000c1f00000| Untracked 
|1056|0x00000000c2000000, 0x00000000c2100000, 0x00000000c2100000|100%| O|  |TAMS 0x00000000c2100000, 0x00000000c2000000| Untracked 
|1057|0x00000000c2100000, 0x00000000c2200000, 0x00000000c2200000|100%| O|  |TAMS 0x00000000c2200000, 0x00000000c2100000| Untracked 
|1058|0x00000000c2200000, 0x00000000c2300000, 0x00000000c2300000|100%| O|  |TAMS 0x00000000c2300000, 0x00000000c2200000| Untracked 
|1059|0x00000000c2300000, 0x00000000c2400000, 0x00000000c2400000|100%| O|  |TAMS 0x00000000c2400000, 0x00000000c2300000| Untracked 
|1060|0x00000000c2400000, 0x00000000c2500000, 0x00000000c2500000|100%| O|  |TAMS 0x00000000c2500000, 0x00000000c2400000| Untracked 
|1061|0x00000000c2500000, 0x00000000c2600000, 0x00000000c2600000|100%| O|  |TAMS 0x00000000c2600000, 0x00000000c2500000| Untracked 
|1062|0x00000000c2600000, 0x00000000c2700000, 0x00000000c2700000|100%| O|  |TAMS 0x00000000c2700000, 0x00000000c2600000| Untracked 
|1063|0x00000000c2700000, 0x00000000c2800000, 0x00000000c2800000|100%| O|  |TAMS 0x00000000c2800000, 0x00000000c2700000| Untracked 
|1064|0x00000000c2800000, 0x00000000c2900000, 0x00000000c2900000|100%| O|  |TAMS 0x00000000c2900000, 0x00000000c2800000| Untracked 
|1065|0x00000000c2900000, 0x00000000c2900000, 0x00000000c2a00000|  0%| F|  |TAMS 0x00000000c2900000, 0x00000000c2900000| Untracked 
|1066|0x00000000c2a00000, 0x00000000c2b00000, 0x00000000c2b00000|100%|HS|  |TAMS 0x00000000c2b00000, 0x00000000c2a00000| Complete 
|1067|0x00000000c2b00000, 0x00000000c2c00000, 0x00000000c2c00000|100%| O|  |TAMS 0x00000000c2c00000, 0x00000000c2b00000| Untracked 
|1068|0x00000000c2c00000, 0x00000000c2d00000, 0x00000000c2d00000|100%| O|  |TAMS 0x00000000c2d00000, 0x00000000c2c00000| Untracked 
|1069|0x00000000c2d00000, 0x00000000c2e00000, 0x00000000c2e00000|100%| O|  |TAMS 0x00000000c2e00000, 0x00000000c2d00000| Untracked 
|1070|0x00000000c2e00000, 0x00000000c2f00000, 0x00000000c2f00000|100%| O|  |TAMS 0x00000000c2f00000, 0x00000000c2e00000| Untracked 
|1071|0x00000000c2f00000, 0x00000000c3000000, 0x00000000c3000000|100%| O|  |TAMS 0x00000000c3000000, 0x00000000c2f00000| Untracked 
|1072|0x00000000c3000000, 0x00000000c3100000, 0x00000000c3100000|100%| O|  |TAMS 0x00000000c3100000, 0x00000000c3000000| Untracked 
|1073|0x00000000c3100000, 0x00000000c3200000, 0x00000000c3200000|100%|HS|  |TAMS 0x00000000c3200000, 0x00000000c3100000| Complete 
|1074|0x00000000c3200000, 0x00000000c3300000, 0x00000000c3300000|100%|HC|  |TAMS 0x00000000c3300000, 0x00000000c3200000| Complete 
|1075|0x00000000c3300000, 0x00000000c3400000, 0x00000000c3400000|100%| O|  |TAMS 0x00000000c3400000, 0x00000000c3300000| Untracked 
|1076|0x00000000c3400000, 0x00000000c3500000, 0x00000000c3500000|100%| O|  |TAMS 0x00000000c3500000, 0x00000000c3400000| Untracked 
|1077|0x00000000c3500000, 0x00000000c3600000, 0x00000000c3600000|100%| O|  |TAMS 0x00000000c3600000, 0x00000000c3500000| Untracked 
|1078|0x00000000c3600000, 0x00000000c3700000, 0x00000000c3700000|100%| O|  |TAMS 0x00000000c3700000, 0x00000000c3600000| Untracked 
|1079|0x00000000c3700000, 0x00000000c3800000, 0x00000000c3800000|100%| O|  |TAMS 0x00000000c3800000, 0x00000000c3700000| Untracked 
|1080|0x00000000c3800000, 0x00000000c3900000, 0x00000000c3900000|100%| O|  |TAMS 0x00000000c3900000, 0x00000000c3800000| Untracked 
|1081|0x00000000c3900000, 0x00000000c3a00000, 0x00000000c3a00000|100%| O|  |TAMS 0x00000000c3a00000, 0x00000000c3900000| Untracked 
|1082|0x00000000c3a00000, 0x00000000c3b00000, 0x00000000c3b00000|100%| O|  |TAMS 0x00000000c3b00000, 0x00000000c3a00000| Untracked 
|1083|0x00000000c3b00000, 0x00000000c3c00000, 0x00000000c3c00000|100%| O|  |TAMS 0x00000000c3c00000, 0x00000000c3b00000| Untracked 
|1084|0x00000000c3c00000, 0x00000000c3d00000, 0x00000000c3d00000|100%| O|  |TAMS 0x00000000c3d00000, 0x00000000c3c00000| Untracked 
|1085|0x00000000c3d00000, 0x00000000c3e00000, 0x00000000c3e00000|100%| O|  |TAMS 0x00000000c3e00000, 0x00000000c3d00000| Untracked 
|1086|0x00000000c3e00000, 0x00000000c3f00000, 0x00000000c3f00000|100%| O|  |TAMS 0x00000000c3f00000, 0x00000000c3e00000| Untracked 
|1087|0x00000000c3f00000, 0x00000000c4000000, 0x00000000c4000000|100%| O|  |TAMS 0x00000000c4000000, 0x00000000c3f00000| Untracked 
|1088|0x00000000c4000000, 0x00000000c4100000, 0x00000000c4100000|100%| O|  |TAMS 0x00000000c4100000, 0x00000000c4000000| Untracked 
|1089|0x00000000c4100000, 0x00000000c4200000, 0x00000000c4200000|100%| O|  |TAMS 0x00000000c4200000, 0x00000000c4100000| Untracked 
|1090|0x00000000c4200000, 0x00000000c4300000, 0x00000000c4300000|100%| O|  |TAMS 0x00000000c4300000, 0x00000000c4200000| Untracked 
|1091|0x00000000c4300000, 0x00000000c4400000, 0x00000000c4400000|100%| O|  |TAMS 0x00000000c4400000, 0x00000000c4300000| Untracked 
|1092|0x00000000c4400000, 0x00000000c4500000, 0x00000000c4500000|100%| O|  |TAMS 0x00000000c4500000, 0x00000000c4400000| Untracked 
|1093|0x00000000c4500000, 0x00000000c4600000, 0x00000000c4600000|100%| O|  |TAMS 0x00000000c4600000, 0x00000000c4500000| Untracked 
|1094|0x00000000c4600000, 0x00000000c4700000, 0x00000000c4700000|100%| O|  |TAMS 0x00000000c4700000, 0x00000000c4600000| Untracked 
|1095|0x00000000c4700000, 0x00000000c4800000, 0x00000000c4800000|100%| O|  |TAMS 0x00000000c4800000, 0x00000000c4700000| Untracked 
|1096|0x00000000c4800000, 0x00000000c4900000, 0x00000000c4900000|100%| O|  |TAMS 0x00000000c4900000, 0x00000000c4800000| Untracked 
|1097|0x00000000c4900000, 0x00000000c4a00000, 0x00000000c4a00000|100%| O|  |TAMS 0x00000000c4a00000, 0x00000000c4900000| Untracked 
|1098|0x00000000c4a00000, 0x00000000c4b00000, 0x00000000c4b00000|100%| O|  |TAMS 0x00000000c4b00000, 0x00000000c4a00000| Untracked 
|1099|0x00000000c4b00000, 0x00000000c4c00000, 0x00000000c4c00000|100%| O|  |TAMS 0x00000000c4c00000, 0x00000000c4b00000| Untracked 
|1100|0x00000000c4c00000, 0x00000000c4d00000, 0x00000000c4d00000|100%| O|  |TAMS 0x00000000c4d00000, 0x00000000c4c00000| Untracked 
|1101|0x00000000c4d00000, 0x00000000c4e00000, 0x00000000c4e00000|100%| O|  |TAMS 0x00000000c4e00000, 0x00000000c4d00000| Untracked 
|1102|0x00000000c4e00000, 0x00000000c4f00000, 0x00000000c4f00000|100%| O|  |TAMS 0x00000000c4f00000, 0x00000000c4e00000| Untracked 
|1103|0x00000000c4f00000, 0x00000000c5000000, 0x00000000c5000000|100%| O|  |TAMS 0x00000000c5000000, 0x00000000c4f00000| Untracked 
|1104|0x00000000c5000000, 0x00000000c5100000, 0x00000000c5100000|100%| O|  |TAMS 0x00000000c5100000, 0x00000000c5000000| Untracked 
|1105|0x00000000c5100000, 0x00000000c5200000, 0x00000000c5200000|100%| O|  |TAMS 0x00000000c5200000, 0x00000000c5100000| Untracked 
|1106|0x00000000c5200000, 0x00000000c5300000, 0x00000000c5300000|100%| O|  |TAMS 0x00000000c5300000, 0x00000000c5200000| Untracked 
|1107|0x00000000c5300000, 0x00000000c5400000, 0x00000000c5400000|100%| O|  |TAMS 0x00000000c5400000, 0x00000000c5300000| Untracked 
|1108|0x00000000c5400000, 0x00000000c5500000, 0x00000000c5500000|100%| O|  |TAMS 0x00000000c5500000, 0x00000000c5400000| Untracked 
|1109|0x00000000c5500000, 0x00000000c5600000, 0x00000000c5600000|100%| O|  |TAMS 0x00000000c5600000, 0x00000000c5500000| Untracked 
|1110|0x00000000c5600000, 0x00000000c5700000, 0x00000000c5700000|100%| O|  |TAMS 0x00000000c5700000, 0x00000000c5600000| Untracked 
|1111|0x00000000c5700000, 0x00000000c5800000, 0x00000000c5800000|100%| O|  |TAMS 0x00000000c5800000, 0x00000000c5700000| Untracked 
|1112|0x00000000c5800000, 0x00000000c5900000, 0x00000000c5900000|100%| O|  |TAMS 0x00000000c5900000, 0x00000000c5800000| Untracked 
|1113|0x00000000c5900000, 0x00000000c5a00000, 0x00000000c5a00000|100%| O|  |TAMS 0x00000000c5a00000, 0x00000000c5900000| Untracked 
|1114|0x00000000c5a00000, 0x00000000c5b00000, 0x00000000c5b00000|100%| O|  |TAMS 0x00000000c5b00000, 0x00000000c5a00000| Untracked 
|1115|0x00000000c5b00000, 0x00000000c5c00000, 0x00000000c5c00000|100%| O|  |TAMS 0x00000000c5c00000, 0x00000000c5b00000| Untracked 
|1116|0x00000000c5c00000, 0x00000000c5d00000, 0x00000000c5d00000|100%| O|  |TAMS 0x00000000c5d00000, 0x00000000c5c00000| Untracked 
|1117|0x00000000c5d00000, 0x00000000c5e00000, 0x00000000c5e00000|100%| O|  |TAMS 0x00000000c5e00000, 0x00000000c5d00000| Untracked 
|1118|0x00000000c5e00000, 0x00000000c5f00000, 0x00000000c5f00000|100%| O|  |TAMS 0x00000000c5f00000, 0x00000000c5e00000| Untracked 
|1119|0x00000000c5f00000, 0x00000000c6000000, 0x00000000c6000000|100%| O|  |TAMS 0x00000000c6000000, 0x00000000c5f00000| Untracked 
|1120|0x00000000c6000000, 0x00000000c6100000, 0x00000000c6100000|100%| O|  |TAMS 0x00000000c6100000, 0x00000000c6000000| Untracked 
|1121|0x00000000c6100000, 0x00000000c6200000, 0x00000000c6200000|100%| O|  |TAMS 0x00000000c6200000, 0x00000000c6100000| Untracked 
|1122|0x00000000c6200000, 0x00000000c6300000, 0x00000000c6300000|100%| O|  |TAMS 0x00000000c6300000, 0x00000000c6200000| Untracked 
|1123|0x00000000c6300000, 0x00000000c6400000, 0x00000000c6400000|100%| O|  |TAMS 0x00000000c6400000, 0x00000000c6300000| Untracked 
|1124|0x00000000c6400000, 0x00000000c6500000, 0x00000000c6500000|100%| O|  |TAMS 0x00000000c6500000, 0x00000000c6400000| Untracked 
|1125|0x00000000c6500000, 0x00000000c6600000, 0x00000000c6600000|100%| O|  |TAMS 0x00000000c6600000, 0x00000000c6500000| Untracked 
|1126|0x00000000c6600000, 0x00000000c6700000, 0x00000000c6700000|100%| O|  |TAMS 0x00000000c6700000, 0x00000000c6600000| Untracked 
|1127|0x00000000c6700000, 0x00000000c6800000, 0x00000000c6800000|100%| O|  |TAMS 0x00000000c6800000, 0x00000000c6700000| Untracked 
|1128|0x00000000c6800000, 0x00000000c6900000, 0x00000000c6900000|100%| O|  |TAMS 0x00000000c6900000, 0x00000000c6800000| Untracked 
|1129|0x00000000c6900000, 0x00000000c6a00000, 0x00000000c6a00000|100%| O|  |TAMS 0x00000000c6a00000, 0x00000000c6900000| Untracked 
|1130|0x00000000c6a00000, 0x00000000c6b00000, 0x00000000c6b00000|100%| O|  |TAMS 0x00000000c6b00000, 0x00000000c6a00000| Untracked 
|1131|0x00000000c6b00000, 0x00000000c6c00000, 0x00000000c6c00000|100%| O|  |TAMS 0x00000000c6c00000, 0x00000000c6b00000| Untracked 
|1132|0x00000000c6c00000, 0x00000000c6d00000, 0x00000000c6d00000|100%| O|  |TAMS 0x00000000c6d00000, 0x00000000c6c00000| Untracked 
|1133|0x00000000c6d00000, 0x00000000c6e00000, 0x00000000c6e00000|100%| O|  |TAMS 0x00000000c6de9800, 0x00000000c6d00000| Untracked 
|1134|0x00000000c6e00000, 0x00000000c6f00000, 0x00000000c6f00000|100%| O|  |TAMS 0x00000000c6e00000, 0x00000000c6e00000| Untracked 
|1135|0x00000000c6f00000, 0x00000000c7000000, 0x00000000c7000000|100%| O|  |TAMS 0x00000000c6f00000, 0x00000000c6f00000| Untracked 
|1136|0x00000000c7000000, 0x00000000c7100000, 0x00000000c7100000|100%| O|  |TAMS 0x00000000c7000000, 0x00000000c7000000| Untracked 
|1137|0x00000000c7100000, 0x00000000c7200000, 0x00000000c7200000|100%| O|  |TAMS 0x00000000c7100000, 0x00000000c7100000| Untracked 
|1138|0x00000000c7200000, 0x00000000c7300000, 0x00000000c7300000|100%| O|  |TAMS 0x00000000c7200000, 0x00000000c7200000| Untracked 
|1139|0x00000000c7300000, 0x00000000c7400000, 0x00000000c7400000|100%| O|  |TAMS 0x00000000c7300000, 0x00000000c7300000| Untracked 
|1140|0x00000000c7400000, 0x00000000c7500000, 0x00000000c7500000|100%| O|  |TAMS 0x00000000c7400000, 0x00000000c7400000| Untracked 
|1141|0x00000000c7500000, 0x00000000c7600000, 0x00000000c7600000|100%| O|  |TAMS 0x00000000c7500000, 0x00000000c7500000| Untracked 
|1142|0x00000000c7600000, 0x00000000c7700000, 0x00000000c7700000|100%| O|  |TAMS 0x00000000c7600000, 0x00000000c7600000| Untracked 
|1143|0x00000000c7700000, 0x00000000c7800000, 0x00000000c7800000|100%| O|  |TAMS 0x00000000c7700000, 0x00000000c7700000| Untracked 
|1144|0x00000000c7800000, 0x00000000c7900000, 0x00000000c7900000|100%| O|  |TAMS 0x00000000c7800000, 0x00000000c7800000| Untracked 
|1145|0x00000000c7900000, 0x00000000c7a00000, 0x00000000c7a00000|100%| O|  |TAMS 0x00000000c7900000, 0x00000000c7900000| Untracked 
|1146|0x00000000c7a00000, 0x00000000c7b00000, 0x00000000c7b00000|100%| O|  |TAMS 0x00000000c7a00000, 0x00000000c7a00000| Untracked 
|1147|0x00000000c7b00000, 0x00000000c7c00000, 0x00000000c7c00000|100%| O|  |TAMS 0x00000000c7b00000, 0x00000000c7b00000| Untracked 
|1148|0x00000000c7c00000, 0x00000000c7d00000, 0x00000000c7d00000|100%| O|  |TAMS 0x00000000c7c00000, 0x00000000c7c00000| Untracked 
|1149|0x00000000c7d00000, 0x00000000c7e00000, 0x00000000c7e00000|100%| O|  |TAMS 0x00000000c7d00000, 0x00000000c7d00000| Untracked 
|1150|0x00000000c7e00000, 0x00000000c7f00000, 0x00000000c7f00000|100%| O|  |TAMS 0x00000000c7e00000, 0x00000000c7e00000| Untracked 
|1151|0x00000000c7f00000, 0x00000000c8000000, 0x00000000c8000000|100%| O|  |TAMS 0x00000000c7f00000, 0x00000000c7f00000| Untracked 
|1152|0x00000000c8000000, 0x00000000c8100000, 0x00000000c8100000|100%| O|  |TAMS 0x00000000c8000000, 0x00000000c8000000| Untracked 
|1153|0x00000000c8100000, 0x00000000c8200000, 0x00000000c8200000|100%| O|  |TAMS 0x00000000c8100000, 0x00000000c8100000| Untracked 
|1154|0x00000000c8200000, 0x00000000c8300000, 0x00000000c8300000|100%| O|  |TAMS 0x00000000c8200000, 0x00000000c8200000| Untracked 
|1155|0x00000000c8300000, 0x00000000c8400000, 0x00000000c8400000|100%| O|  |TAMS 0x00000000c8300000, 0x00000000c8300000| Untracked 
|1156|0x00000000c8400000, 0x00000000c8500000, 0x00000000c8500000|100%| O|  |TAMS 0x00000000c8400000, 0x00000000c8400000| Untracked 
|1157|0x00000000c8500000, 0x00000000c8600000, 0x00000000c8600000|100%| O|  |TAMS 0x00000000c8500000, 0x00000000c8500000| Untracked 
|1158|0x00000000c8600000, 0x00000000c8700000, 0x00000000c8700000|100%| O|  |TAMS 0x00000000c8600000, 0x00000000c8600000| Untracked 
|1159|0x00000000c8700000, 0x00000000c8800000, 0x00000000c8800000|100%| O|  |TAMS 0x00000000c8700000, 0x00000000c8700000| Untracked 
|1160|0x00000000c8800000, 0x00000000c8900000, 0x00000000c8900000|100%| O|  |TAMS 0x00000000c8800000, 0x00000000c8800000| Untracked 
|1161|0x00000000c8900000, 0x00000000c8a00000, 0x00000000c8a00000|100%| O|  |TAMS 0x00000000c8900000, 0x00000000c8900000| Untracked 
|1162|0x00000000c8a00000, 0x00000000c8b00000, 0x00000000c8b00000|100%| O|  |TAMS 0x00000000c8a00000, 0x00000000c8a00000| Untracked 
|1163|0x00000000c8b00000, 0x00000000c8c00000, 0x00000000c8c00000|100%| O|  |TAMS 0x00000000c8b00000, 0x00000000c8b00000| Untracked 
|1164|0x00000000c8c00000, 0x00000000c8d00000, 0x00000000c8d00000|100%| O|  |TAMS 0x00000000c8c00000, 0x00000000c8c00000| Untracked 
|1165|0x00000000c8d00000, 0x00000000c8e00000, 0x00000000c8e00000|100%| O|  |TAMS 0x00000000c8d00000, 0x00000000c8d00000| Untracked 
|1166|0x00000000c8e00000, 0x00000000c8f00000, 0x00000000c8f00000|100%| O|  |TAMS 0x00000000c8e00000, 0x00000000c8e00000| Untracked 
|1167|0x00000000c8f00000, 0x00000000c9000000, 0x00000000c9000000|100%| O|  |TAMS 0x00000000c8f00000, 0x00000000c8f00000| Untracked 
|1168|0x00000000c9000000, 0x00000000c9100000, 0x00000000c9100000|100%| O|  |TAMS 0x00000000c9000000, 0x00000000c9000000| Untracked 
|1169|0x00000000c9100000, 0x00000000c9200000, 0x00000000c9200000|100%| O|  |TAMS 0x00000000c9100000, 0x00000000c9100000| Untracked 
|1170|0x00000000c9200000, 0x00000000c9300000, 0x00000000c9300000|100%| O|  |TAMS 0x00000000c9200000, 0x00000000c9200000| Untracked 
|1171|0x00000000c9300000, 0x00000000c9400000, 0x00000000c9400000|100%| O|  |TAMS 0x00000000c9300000, 0x00000000c9300000| Untracked 
|1172|0x00000000c9400000, 0x00000000c9500000, 0x00000000c9500000|100%| O|  |TAMS 0x00000000c9400000, 0x00000000c9400000| Untracked 
|1173|0x00000000c9500000, 0x00000000c9600000, 0x00000000c9600000|100%| O|  |TAMS 0x00000000c9500000, 0x00000000c9500000| Untracked 
|1174|0x00000000c9600000, 0x00000000c9700000, 0x00000000c9700000|100%| O|  |TAMS 0x00000000c9600000, 0x00000000c9600000| Untracked 
|1175|0x00000000c9700000, 0x00000000c9800000, 0x00000000c9800000|100%| O|  |TAMS 0x00000000c9700000, 0x00000000c9700000| Untracked 
|1176|0x00000000c9800000, 0x00000000c9900000, 0x00000000c9900000|100%| O|  |TAMS 0x00000000c9800000, 0x00000000c9800000| Untracked 
|1177|0x00000000c9900000, 0x00000000c9a00000, 0x00000000c9a00000|100%| O|  |TAMS 0x00000000c9900000, 0x00000000c9900000| Untracked 
|1178|0x00000000c9a00000, 0x00000000c9b00000, 0x00000000c9b00000|100%| O|  |TAMS 0x00000000c9a00000, 0x00000000c9a00000| Untracked 
|1179|0x00000000c9b00000, 0x00000000c9c00000, 0x00000000c9c00000|100%| O|  |TAMS 0x00000000c9b00000, 0x00000000c9b00000| Untracked 
|1180|0x00000000c9c00000, 0x00000000c9d00000, 0x00000000c9d00000|100%| O|  |TAMS 0x00000000c9c00000, 0x00000000c9c00000| Untracked 
|1181|0x00000000c9d00000, 0x00000000c9e00000, 0x00000000c9e00000|100%| O|  |TAMS 0x00000000c9d00000, 0x00000000c9d00000| Untracked 
|1182|0x00000000c9e00000, 0x00000000c9f00000, 0x00000000c9f00000|100%| O|  |TAMS 0x00000000c9e00000, 0x00000000c9e00000| Untracked 
|1183|0x00000000c9f00000, 0x00000000ca000000, 0x00000000ca000000|100%| O|  |TAMS 0x00000000c9f00000, 0x00000000c9f00000| Untracked 
|1184|0x00000000ca000000, 0x00000000ca100000, 0x00000000ca100000|100%| O|  |TAMS 0x00000000ca000000, 0x00000000ca000000| Untracked 
|1185|0x00000000ca100000, 0x00000000ca200000, 0x00000000ca200000|100%| O|  |TAMS 0x00000000ca100000, 0x00000000ca100000| Untracked 
|1186|0x00000000ca200000, 0x00000000ca300000, 0x00000000ca300000|100%| O|  |TAMS 0x00000000ca200000, 0x00000000ca200000| Untracked 
|1187|0x00000000ca300000, 0x00000000ca400000, 0x00000000ca400000|100%| O|  |TAMS 0x00000000ca300000, 0x00000000ca300000| Untracked 
|1188|0x00000000ca400000, 0x00000000ca400000, 0x00000000ca500000|  0%| F|  |TAMS 0x00000000ca400000, 0x00000000ca400000| Untracked 
|1189|0x00000000ca500000, 0x00000000ca500000, 0x00000000ca600000|  0%| F|  |TAMS 0x00000000ca500000, 0x00000000ca500000| Untracked 
|1190|0x00000000ca600000, 0x00000000ca600000, 0x00000000ca700000|  0%| F|  |TAMS 0x00000000ca600000, 0x00000000ca600000| Untracked 
|1191|0x00000000ca700000, 0x00000000ca700000, 0x00000000ca800000|  0%| F|  |TAMS 0x00000000ca700000, 0x00000000ca700000| Untracked 
|1192|0x00000000ca800000, 0x00000000ca800000, 0x00000000ca900000|  0%| F|  |TAMS 0x00000000ca800000, 0x00000000ca800000| Untracked 
|1193|0x00000000ca900000, 0x00000000ca900000, 0x00000000caa00000|  0%| F|  |TAMS 0x00000000ca900000, 0x00000000ca900000| Untracked 
|1194|0x00000000caa00000, 0x00000000caa00000, 0x00000000cab00000|  0%| F|  |TAMS 0x00000000caa00000, 0x00000000caa00000| Untracked 
|1195|0x00000000cab00000, 0x00000000cab00000, 0x00000000cac00000|  0%| F|  |TAMS 0x00000000cab00000, 0x00000000cab00000| Untracked 
|1196|0x00000000cac00000, 0x00000000cac00000, 0x00000000cad00000|  0%| F|  |TAMS 0x00000000cac00000, 0x00000000cac00000| Untracked 
|1197|0x00000000cad00000, 0x00000000cad00000, 0x00000000cae00000|  0%| F|  |TAMS 0x00000000cad00000, 0x00000000cad00000| Untracked 
|1198|0x00000000cae00000, 0x00000000cae00000, 0x00000000caf00000|  0%| F|  |TAMS 0x00000000cae00000, 0x00000000cae00000| Untracked 
|1199|0x00000000caf00000, 0x00000000caf00000, 0x00000000cb000000|  0%| F|  |TAMS 0x00000000caf00000, 0x00000000caf00000| Untracked 
|1200|0x00000000cb000000, 0x00000000cb000000, 0x00000000cb100000|  0%| F|  |TAMS 0x00000000cb000000, 0x00000000cb000000| Untracked 
|1201|0x00000000cb100000, 0x00000000cb100000, 0x00000000cb200000|  0%| F|  |TAMS 0x00000000cb100000, 0x00000000cb100000| Untracked 
|1202|0x00000000cb200000, 0x00000000cb200000, 0x00000000cb300000|  0%| F|  |TAMS 0x00000000cb200000, 0x00000000cb200000| Untracked 
|1203|0x00000000cb300000, 0x00000000cb300000, 0x00000000cb400000|  0%| F|  |TAMS 0x00000000cb300000, 0x00000000cb300000| Untracked 
|1204|0x00000000cb400000, 0x00000000cb400000, 0x00000000cb500000|  0%| F|  |TAMS 0x00000000cb400000, 0x00000000cb400000| Untracked 
|1205|0x00000000cb500000, 0x00000000cb500000, 0x00000000cb600000|  0%| F|  |TAMS 0x00000000cb500000, 0x00000000cb500000| Untracked 
|1206|0x00000000cb600000, 0x00000000cb600000, 0x00000000cb700000|  0%| F|  |TAMS 0x00000000cb600000, 0x00000000cb600000| Untracked 
|1207|0x00000000cb700000, 0x00000000cb700000, 0x00000000cb800000|  0%| F|  |TAMS 0x00000000cb700000, 0x00000000cb700000| Untracked 
|1208|0x00000000cb800000, 0x00000000cb800000, 0x00000000cb900000|  0%| F|  |TAMS 0x00000000cb800000, 0x00000000cb800000| Untracked 
|1209|0x00000000cb900000, 0x00000000cb900000, 0x00000000cba00000|  0%| F|  |TAMS 0x00000000cb900000, 0x00000000cb900000| Untracked 
|1210|0x00000000cba00000, 0x00000000cba00000, 0x00000000cbb00000|  0%| F|  |TAMS 0x00000000cba00000, 0x00000000cba00000| Untracked 
|1211|0x00000000cbb00000, 0x00000000cbb00000, 0x00000000cbc00000|  0%| F|  |TAMS 0x00000000cbb00000, 0x00000000cbb00000| Untracked 
|1212|0x00000000cbc00000, 0x00000000cbc00000, 0x00000000cbd00000|  0%| F|  |TAMS 0x00000000cbc00000, 0x00000000cbc00000| Untracked 
|1213|0x00000000cbd00000, 0x00000000cbd00000, 0x00000000cbe00000|  0%| F|  |TAMS 0x00000000cbd00000, 0x00000000cbd00000| Untracked 
|1214|0x00000000cbe00000, 0x00000000cbe00000, 0x00000000cbf00000|  0%| F|  |TAMS 0x00000000cbe00000, 0x00000000cbe00000| Untracked 
|1215|0x00000000cbf00000, 0x00000000cbf00000, 0x00000000cc000000|  0%| F|  |TAMS 0x00000000cbf00000, 0x00000000cbf00000| Untracked 
|1216|0x00000000cc000000, 0x00000000cc000000, 0x00000000cc100000|  0%| F|  |TAMS 0x00000000cc000000, 0x00000000cc000000| Untracked 
|1217|0x00000000cc100000, 0x00000000cc100000, 0x00000000cc200000|  0%| F|  |TAMS 0x00000000cc100000, 0x00000000cc100000| Untracked 
|1218|0x00000000cc200000, 0x00000000cc200000, 0x00000000cc300000|  0%| F|  |TAMS 0x00000000cc200000, 0x00000000cc200000| Untracked 
|1219|0x00000000cc300000, 0x00000000cc300000, 0x00000000cc400000|  0%| F|  |TAMS 0x00000000cc300000, 0x00000000cc300000| Untracked 
|1220|0x00000000cc400000, 0x00000000cc400000, 0x00000000cc500000|  0%| F|  |TAMS 0x00000000cc400000, 0x00000000cc400000| Untracked 
|1221|0x00000000cc500000, 0x00000000cc500000, 0x00000000cc600000|  0%| F|  |TAMS 0x00000000cc500000, 0x00000000cc500000| Untracked 
|1222|0x00000000cc600000, 0x00000000cc600000, 0x00000000cc700000|  0%| F|  |TAMS 0x00000000cc600000, 0x00000000cc600000| Untracked 
|1223|0x00000000cc700000, 0x00000000cc700000, 0x00000000cc800000|  0%| F|  |TAMS 0x00000000cc700000, 0x00000000cc700000| Untracked 
|1224|0x00000000cc800000, 0x00000000cc800000, 0x00000000cc900000|  0%| F|  |TAMS 0x00000000cc800000, 0x00000000cc800000| Untracked 
|1225|0x00000000cc900000, 0x00000000cc900000, 0x00000000cca00000|  0%| F|  |TAMS 0x00000000cc900000, 0x00000000cc900000| Untracked 
|1226|0x00000000cca00000, 0x00000000cca00000, 0x00000000ccb00000|  0%| F|  |TAMS 0x00000000cca00000, 0x00000000cca00000| Untracked 
|1227|0x00000000ccb00000, 0x00000000ccb00000, 0x00000000ccc00000|  0%| F|  |TAMS 0x00000000ccb00000, 0x00000000ccb00000| Untracked 
|1228|0x00000000ccc00000, 0x00000000ccc00000, 0x00000000ccd00000|  0%| F|  |TAMS 0x00000000ccc00000, 0x00000000ccc00000| Untracked 
|1229|0x00000000ccd00000, 0x00000000ccd00000, 0x00000000cce00000|  0%| F|  |TAMS 0x00000000ccd00000, 0x00000000ccd00000| Untracked 
|1230|0x00000000cce00000, 0x00000000cce00000, 0x00000000ccf00000|  0%| F|  |TAMS 0x00000000cce00000, 0x00000000cce00000| Untracked 
|1231|0x00000000ccf00000, 0x00000000ccf00000, 0x00000000cd000000|  0%| F|  |TAMS 0x00000000ccf00000, 0x00000000ccf00000| Untracked 
|1232|0x00000000cd000000, 0x00000000cd000000, 0x00000000cd100000|  0%| F|  |TAMS 0x00000000cd000000, 0x00000000cd000000| Untracked 
|1233|0x00000000cd100000, 0x00000000cd100000, 0x00000000cd200000|  0%| F|  |TAMS 0x00000000cd100000, 0x00000000cd100000| Untracked 
|1234|0x00000000cd200000, 0x00000000cd200000, 0x00000000cd300000|  0%| F|  |TAMS 0x00000000cd200000, 0x00000000cd200000| Untracked 
|1235|0x00000000cd300000, 0x00000000cd300000, 0x00000000cd400000|  0%| F|  |TAMS 0x00000000cd300000, 0x00000000cd300000| Untracked 
|1236|0x00000000cd400000, 0x00000000cd400000, 0x00000000cd500000|  0%| F|  |TAMS 0x00000000cd400000, 0x00000000cd400000| Untracked 
|1237|0x00000000cd500000, 0x00000000cd500000, 0x00000000cd600000|  0%| F|  |TAMS 0x00000000cd500000, 0x00000000cd500000| Untracked 
|1238|0x00000000cd600000, 0x00000000cd600000, 0x00000000cd700000|  0%| F|  |TAMS 0x00000000cd600000, 0x00000000cd600000| Untracked 
|1239|0x00000000cd700000, 0x00000000cd700000, 0x00000000cd800000|  0%| F|  |TAMS 0x00000000cd700000, 0x00000000cd700000| Untracked 
|1240|0x00000000cd800000, 0x00000000cd800000, 0x00000000cd900000|  0%| F|  |TAMS 0x00000000cd800000, 0x00000000cd800000| Untracked 
|1241|0x00000000cd900000, 0x00000000cd900000, 0x00000000cda00000|  0%| F|  |TAMS 0x00000000cd900000, 0x00000000cd900000| Untracked 
|1242|0x00000000cda00000, 0x00000000cda00000, 0x00000000cdb00000|  0%| F|  |TAMS 0x00000000cda00000, 0x00000000cda00000| Untracked 
|1243|0x00000000cdb00000, 0x00000000cdb00000, 0x00000000cdc00000|  0%| F|  |TAMS 0x00000000cdb00000, 0x00000000cdb00000| Untracked 
|1244|0x00000000cdc00000, 0x00000000cdc00000, 0x00000000cdd00000|  0%| F|  |TAMS 0x00000000cdc00000, 0x00000000cdc00000| Untracked 
|1245|0x00000000cdd00000, 0x00000000cdd00000, 0x00000000cde00000|  0%| F|  |TAMS 0x00000000cdd00000, 0x00000000cdd00000| Untracked 
|1246|0x00000000cde00000, 0x00000000cde00000, 0x00000000cdf00000|  0%| F|  |TAMS 0x00000000cde00000, 0x00000000cde00000| Untracked 
|1247|0x00000000cdf00000, 0x00000000cdf00000, 0x00000000ce000000|  0%| F|  |TAMS 0x00000000cdf00000, 0x00000000cdf00000| Untracked 
|1248|0x00000000ce000000, 0x00000000ce000000, 0x00000000ce100000|  0%| F|  |TAMS 0x00000000ce000000, 0x00000000ce000000| Untracked 
|1249|0x00000000ce100000, 0x00000000ce100000, 0x00000000ce200000|  0%| F|  |TAMS 0x00000000ce100000, 0x00000000ce100000| Untracked 
|1250|0x00000000ce200000, 0x00000000ce200000, 0x00000000ce300000|  0%| F|  |TAMS 0x00000000ce200000, 0x00000000ce200000| Untracked 
|1251|0x00000000ce300000, 0x00000000ce300000, 0x00000000ce400000|  0%| F|  |TAMS 0x00000000ce300000, 0x00000000ce300000| Untracked 
|1252|0x00000000ce400000, 0x00000000ce400000, 0x00000000ce500000|  0%| F|  |TAMS 0x00000000ce400000, 0x00000000ce400000| Untracked 
|1253|0x00000000ce500000, 0x00000000ce500000, 0x00000000ce600000|  0%| F|  |TAMS 0x00000000ce500000, 0x00000000ce500000| Untracked 
|1254|0x00000000ce600000, 0x00000000ce600000, 0x00000000ce700000|  0%| F|  |TAMS 0x00000000ce600000, 0x00000000ce600000| Untracked 
|1255|0x00000000ce700000, 0x00000000ce700000, 0x00000000ce800000|  0%| F|  |TAMS 0x00000000ce700000, 0x00000000ce700000| Untracked 
|1256|0x00000000ce800000, 0x00000000ce800000, 0x00000000ce900000|  0%| F|  |TAMS 0x00000000ce800000, 0x00000000ce800000| Untracked 
|1257|0x00000000ce900000, 0x00000000ce900000, 0x00000000cea00000|  0%| F|  |TAMS 0x00000000ce900000, 0x00000000ce900000| Untracked 
|1258|0x00000000cea00000, 0x00000000cea00000, 0x00000000ceb00000|  0%| F|  |TAMS 0x00000000cea00000, 0x00000000cea00000| Untracked 
|1259|0x00000000ceb00000, 0x00000000ceb00000, 0x00000000cec00000|  0%| F|  |TAMS 0x00000000ceb00000, 0x00000000ceb00000| Untracked 
|1260|0x00000000cec00000, 0x00000000cec00000, 0x00000000ced00000|  0%| F|  |TAMS 0x00000000cec00000, 0x00000000cec00000| Untracked 
|1261|0x00000000ced00000, 0x00000000ced00000, 0x00000000cee00000|  0%| F|  |TAMS 0x00000000ced00000, 0x00000000ced00000| Untracked 
|1262|0x00000000cee00000, 0x00000000cee00000, 0x00000000cef00000|  0%| F|  |TAMS 0x00000000cee00000, 0x00000000cee00000| Untracked 
|1263|0x00000000cef00000, 0x00000000cef00000, 0x00000000cf000000|  0%| F|  |TAMS 0x00000000cef00000, 0x00000000cef00000| Untracked 
|1264|0x00000000cf000000, 0x00000000cf000000, 0x00000000cf100000|  0%| F|  |TAMS 0x00000000cf000000, 0x00000000cf000000| Untracked 
|1265|0x00000000cf100000, 0x00000000cf100000, 0x00000000cf200000|  0%| F|  |TAMS 0x00000000cf100000, 0x00000000cf100000| Untracked 
|1266|0x00000000cf200000, 0x00000000cf200000, 0x00000000cf300000|  0%| F|  |TAMS 0x00000000cf200000, 0x00000000cf200000| Untracked 
|1267|0x00000000cf300000, 0x00000000cf300000, 0x00000000cf400000|  0%| F|  |TAMS 0x00000000cf300000, 0x00000000cf300000| Untracked 
|1268|0x00000000cf400000, 0x00000000cf400000, 0x00000000cf500000|  0%| F|  |TAMS 0x00000000cf400000, 0x00000000cf400000| Untracked 
|1269|0x00000000cf500000, 0x00000000cf500000, 0x00000000cf600000|  0%| F|  |TAMS 0x00000000cf500000, 0x00000000cf500000| Untracked 
|1270|0x00000000cf600000, 0x00000000cf600000, 0x00000000cf700000|  0%| F|  |TAMS 0x00000000cf600000, 0x00000000cf600000| Untracked 
|1271|0x00000000cf700000, 0x00000000cf700000, 0x00000000cf800000|  0%| F|  |TAMS 0x00000000cf700000, 0x00000000cf700000| Untracked 
|1272|0x00000000cf800000, 0x00000000cf800000, 0x00000000cf900000|  0%| F|  |TAMS 0x00000000cf800000, 0x00000000cf800000| Untracked 
|1273|0x00000000cf900000, 0x00000000cf900000, 0x00000000cfa00000|  0%| F|  |TAMS 0x00000000cf900000, 0x00000000cf900000| Untracked 
|1274|0x00000000cfa00000, 0x00000000cfa00000, 0x00000000cfb00000|  0%| F|  |TAMS 0x00000000cfa00000, 0x00000000cfa00000| Untracked 
|1275|0x00000000cfb00000, 0x00000000cfb00000, 0x00000000cfc00000|  0%| F|  |TAMS 0x00000000cfb00000, 0x00000000cfb00000| Untracked 
|1276|0x00000000cfc00000, 0x00000000cfc00000, 0x00000000cfd00000|  0%| F|  |TAMS 0x00000000cfc00000, 0x00000000cfc00000| Untracked 
|1277|0x00000000cfd00000, 0x00000000cfd00000, 0x00000000cfe00000|  0%| F|  |TAMS 0x00000000cfd00000, 0x00000000cfd00000| Untracked 
|1278|0x00000000cfe00000, 0x00000000cfe00000, 0x00000000cff00000|  0%| F|  |TAMS 0x00000000cfe00000, 0x00000000cfe00000| Untracked 
|1279|0x00000000cff00000, 0x00000000cff00000, 0x00000000d0000000|  0%| F|  |TAMS 0x00000000cff00000, 0x00000000cff00000| Untracked 
|1280|0x00000000d0000000, 0x00000000d0000000, 0x00000000d0100000|  0%| F|  |TAMS 0x00000000d0000000, 0x00000000d0000000| Untracked 
|1281|0x00000000d0100000, 0x00000000d0100000, 0x00000000d0200000|  0%| F|  |TAMS 0x00000000d0100000, 0x00000000d0100000| Untracked 
|1282|0x00000000d0200000, 0x00000000d0200000, 0x00000000d0300000|  0%| F|  |TAMS 0x00000000d0200000, 0x00000000d0200000| Untracked 
|1283|0x00000000d0300000, 0x00000000d0300000, 0x00000000d0400000|  0%| F|  |TAMS 0x00000000d0300000, 0x00000000d0300000| Untracked 
|1284|0x00000000d0400000, 0x00000000d0400000, 0x00000000d0500000|  0%| F|  |TAMS 0x00000000d0400000, 0x00000000d0400000| Untracked 
|1285|0x00000000d0500000, 0x00000000d0558fb0, 0x00000000d0600000| 34%| E|  |TAMS 0x00000000d0500000, 0x00000000d0500000| Complete 
|1286|0x00000000d0600000, 0x00000000d0700000, 0x00000000d0700000|100%| E|CS|TAMS 0x00000000d0600000, 0x00000000d0600000| Complete 
|1287|0x00000000d0700000, 0x00000000d0800000, 0x00000000d0800000|100%| E|CS|TAMS 0x00000000d0700000, 0x00000000d0700000| Complete 
|1288|0x00000000d0800000, 0x00000000d0900000, 0x00000000d0900000|100%| E|CS|TAMS 0x00000000d0800000, 0x00000000d0800000| Complete 
|1289|0x00000000d0900000, 0x00000000d0a00000, 0x00000000d0a00000|100%| E|CS|TAMS 0x00000000d0900000, 0x00000000d0900000| Complete 
|1290|0x00000000d0a00000, 0x00000000d0b00000, 0x00000000d0b00000|100%| E|CS|TAMS 0x00000000d0a00000, 0x00000000d0a00000| Complete 
|1291|0x00000000d0b00000, 0x00000000d0c00000, 0x00000000d0c00000|100%| E|CS|TAMS 0x00000000d0b00000, 0x00000000d0b00000| Complete 
|1292|0x00000000d0c00000, 0x00000000d0d00000, 0x00000000d0d00000|100%| E|CS|TAMS 0x00000000d0c00000, 0x00000000d0c00000| Complete 
|1293|0x00000000d0d00000, 0x00000000d0e00000, 0x00000000d0e00000|100%| E|CS|TAMS 0x00000000d0d00000, 0x00000000d0d00000| Complete 
|1294|0x00000000d0e00000, 0x00000000d0f00000, 0x00000000d0f00000|100%| E|CS|TAMS 0x00000000d0e00000, 0x00000000d0e00000| Complete 
|1295|0x00000000d0f00000, 0x00000000d1000000, 0x00000000d1000000|100%| E|CS|TAMS 0x00000000d0f00000, 0x00000000d0f00000| Complete 
|1296|0x00000000d1000000, 0x00000000d1100000, 0x00000000d1100000|100%| E|CS|TAMS 0x00000000d1000000, 0x00000000d1000000| Complete 
|1297|0x00000000d1100000, 0x00000000d1200000, 0x00000000d1200000|100%| E|CS|TAMS 0x00000000d1100000, 0x00000000d1100000| Complete 
|1298|0x00000000d1200000, 0x00000000d1300000, 0x00000000d1300000|100%| E|CS|TAMS 0x00000000d1200000, 0x00000000d1200000| Complete 
|1299|0x00000000d1300000, 0x00000000d1400000, 0x00000000d1400000|100%| E|CS|TAMS 0x00000000d1300000, 0x00000000d1300000| Complete 
|1300|0x00000000d1400000, 0x00000000d1500000, 0x00000000d1500000|100%| E|CS|TAMS 0x00000000d1400000, 0x00000000d1400000| Complete 
|1301|0x00000000d1500000, 0x00000000d1600000, 0x00000000d1600000|100%| E|CS|TAMS 0x00000000d1500000, 0x00000000d1500000| Complete 
|1302|0x00000000d1600000, 0x00000000d1700000, 0x00000000d1700000|100%| E|CS|TAMS 0x00000000d1600000, 0x00000000d1600000| Complete 
|1303|0x00000000d1700000, 0x00000000d1800000, 0x00000000d1800000|100%| E|CS|TAMS 0x00000000d1700000, 0x00000000d1700000| Complete 
|1304|0x00000000d1800000, 0x00000000d1900000, 0x00000000d1900000|100%| E|CS|TAMS 0x00000000d1800000, 0x00000000d1800000| Complete 
|1305|0x00000000d1900000, 0x00000000d1a00000, 0x00000000d1a00000|100%| E|CS|TAMS 0x00000000d1900000, 0x00000000d1900000| Complete 
|1306|0x00000000d1a00000, 0x00000000d1b00000, 0x00000000d1b00000|100%| E|CS|TAMS 0x00000000d1a00000, 0x00000000d1a00000| Complete 
|1307|0x00000000d1b00000, 0x00000000d1bfff00, 0x00000000d1c00000| 99%| E|  |TAMS 0x00000000d1b00000, 0x00000000d1b00000| Complete 
|1308|0x00000000d1c00000, 0x00000000d1d00000, 0x00000000d1d00000|100%| E|CS|TAMS 0x00000000d1c00000, 0x00000000d1c00000| Complete 
|1309|0x00000000d1d00000, 0x00000000d1e00000, 0x00000000d1e00000|100%| E|CS|TAMS 0x00000000d1d00000, 0x00000000d1d00000| Complete 
|1310|0x00000000d1e00000, 0x00000000d1f00000, 0x00000000d1f00000|100%| E|CS|TAMS 0x00000000d1e00000, 0x00000000d1e00000| Complete 
|1311|0x00000000d1f00000, 0x00000000d2000000, 0x00000000d2000000|100%| E|CS|TAMS 0x00000000d1f00000, 0x00000000d1f00000| Complete 
|1312|0x00000000d2000000, 0x00000000d2100000, 0x00000000d2100000|100%| E|CS|TAMS 0x00000000d2000000, 0x00000000d2000000| Complete 
|1313|0x00000000d2100000, 0x00000000d2200000, 0x00000000d2200000|100%| E|CS|TAMS 0x00000000d2100000, 0x00000000d2100000| Complete 
|1314|0x00000000d2200000, 0x00000000d2300000, 0x00000000d2300000|100%| E|CS|TAMS 0x00000000d2200000, 0x00000000d2200000| Complete 
|1315|0x00000000d2300000, 0x00000000d2400000, 0x00000000d2400000|100%| E|CS|TAMS 0x00000000d2300000, 0x00000000d2300000| Complete 
|1316|0x00000000d2400000, 0x00000000d2500000, 0x00000000d2500000|100%| E|CS|TAMS 0x00000000d2400000, 0x00000000d2400000| Complete 
|1317|0x00000000d2500000, 0x00000000d2600000, 0x00000000d2600000|100%| E|CS|TAMS 0x00000000d2500000, 0x00000000d2500000| Complete 
|1318|0x00000000d2600000, 0x00000000d2700000, 0x00000000d2700000|100%| E|CS|TAMS 0x00000000d2600000, 0x00000000d2600000| Complete 
|1319|0x00000000d2700000, 0x00000000d2800000, 0x00000000d2800000|100%| E|CS|TAMS 0x00000000d2700000, 0x00000000d2700000| Complete 
|1320|0x00000000d2800000, 0x00000000d2900000, 0x00000000d2900000|100%| E|CS|TAMS 0x00000000d2800000, 0x00000000d2800000| Complete 
|1321|0x00000000d2900000, 0x00000000d2a00000, 0x00000000d2a00000|100%| E|CS|TAMS 0x00000000d2900000, 0x00000000d2900000| Complete 
|1322|0x00000000d2a00000, 0x00000000d2b00000, 0x00000000d2b00000|100%| E|CS|TAMS 0x00000000d2a00000, 0x00000000d2a00000| Complete 
|1323|0x00000000d2b00000, 0x00000000d2c00000, 0x00000000d2c00000|100%| E|CS|TAMS 0x00000000d2b00000, 0x00000000d2b00000| Complete 
|1324|0x00000000d2c00000, 0x00000000d2d00000, 0x00000000d2d00000|100%| E|CS|TAMS 0x00000000d2c00000, 0x00000000d2c00000| Complete 
|1325|0x00000000d2d00000, 0x00000000d2e00000, 0x00000000d2e00000|100%| E|CS|TAMS 0x00000000d2d00000, 0x00000000d2d00000| Complete 
|1326|0x00000000d2e00000, 0x00000000d2f00000, 0x00000000d2f00000|100%| E|CS|TAMS 0x00000000d2e00000, 0x00000000d2e00000| Complete 
|1327|0x00000000d2f00000, 0x00000000d3000000, 0x00000000d3000000|100%| E|CS|TAMS 0x00000000d2f00000, 0x00000000d2f00000| Complete 
|1328|0x00000000d3000000, 0x00000000d3100000, 0x00000000d3100000|100%| E|CS|TAMS 0x00000000d3000000, 0x00000000d3000000| Complete 
|1329|0x00000000d3100000, 0x00000000d3200000, 0x00000000d3200000|100%| E|CS|TAMS 0x00000000d3100000, 0x00000000d3100000| Complete 
|1330|0x00000000d3200000, 0x00000000d3300000, 0x00000000d3300000|100%| E|CS|TAMS 0x00000000d3200000, 0x00000000d3200000| Complete 
|1331|0x00000000d3300000, 0x00000000d3400000, 0x00000000d3400000|100%| E|CS|TAMS 0x00000000d3300000, 0x00000000d3300000| Complete 
|1332|0x00000000d3400000, 0x00000000d3500000, 0x00000000d3500000|100%| E|CS|TAMS 0x00000000d3400000, 0x00000000d3400000| Complete 
|1333|0x00000000d3500000, 0x00000000d3600000, 0x00000000d3600000|100%| E|CS|TAMS 0x00000000d3500000, 0x00000000d3500000| Complete 
|1334|0x00000000d3600000, 0x00000000d3700000, 0x00000000d3700000|100%| E|CS|TAMS 0x00000000d3600000, 0x00000000d3600000| Complete 
|1335|0x00000000d3700000, 0x00000000d3800000, 0x00000000d3800000|100%| E|CS|TAMS 0x00000000d3700000, 0x00000000d3700000| Complete 
|1336|0x00000000d3800000, 0x00000000d3900000, 0x00000000d3900000|100%| E|CS|TAMS 0x00000000d3800000, 0x00000000d3800000| Complete 
|1337|0x00000000d3900000, 0x00000000d3a00000, 0x00000000d3a00000|100%| E|CS|TAMS 0x00000000d3900000, 0x00000000d3900000| Complete 
|1338|0x00000000d3a00000, 0x00000000d3b00000, 0x00000000d3b00000|100%| E|CS|TAMS 0x00000000d3a00000, 0x00000000d3a00000| Complete 
|1339|0x00000000d3b00000, 0x00000000d3c00000, 0x00000000d3c00000|100%| E|CS|TAMS 0x00000000d3b00000, 0x00000000d3b00000| Complete 
|1340|0x00000000d3c00000, 0x00000000d3d00000, 0x00000000d3d00000|100%| E|CS|TAMS 0x00000000d3c00000, 0x00000000d3c00000| Complete 
|1341|0x00000000d3d00000, 0x00000000d3e00000, 0x00000000d3e00000|100%| E|CS|TAMS 0x00000000d3d00000, 0x00000000d3d00000| Complete 
|1342|0x00000000d3e00000, 0x00000000d3f00000, 0x00000000d3f00000|100%| E|CS|TAMS 0x00000000d3e00000, 0x00000000d3e00000| Complete 
|1343|0x00000000d3f00000, 0x00000000d4000000, 0x00000000d4000000|100%| E|CS|TAMS 0x00000000d3f00000, 0x00000000d3f00000| Complete 
|1344|0x00000000d4000000, 0x00000000d4100000, 0x00000000d4100000|100%| E|CS|TAMS 0x00000000d4000000, 0x00000000d4000000| Complete 
|1345|0x00000000d4100000, 0x00000000d4200000, 0x00000000d4200000|100%| E|CS|TAMS 0x00000000d4100000, 0x00000000d4100000| Complete 
|1346|0x00000000d4200000, 0x00000000d4300000, 0x00000000d4300000|100%| E|CS|TAMS 0x00000000d4200000, 0x00000000d4200000| Complete 
|1347|0x00000000d4300000, 0x00000000d4400000, 0x00000000d4400000|100%| E|CS|TAMS 0x00000000d4300000, 0x00000000d4300000| Complete 
|1348|0x00000000d4400000, 0x00000000d4500000, 0x00000000d4500000|100%| E|CS|TAMS 0x00000000d4400000, 0x00000000d4400000| Complete 
|1349|0x00000000d4500000, 0x00000000d4600000, 0x00000000d4600000|100%| E|CS|TAMS 0x00000000d4500000, 0x00000000d4500000| Complete 
|1350|0x00000000d4600000, 0x00000000d4700000, 0x00000000d4700000|100%| E|CS|TAMS 0x00000000d4600000, 0x00000000d4600000| Complete 
|1351|0x00000000d4700000, 0x00000000d4800000, 0x00000000d4800000|100%| E|CS|TAMS 0x00000000d4700000, 0x00000000d4700000| Complete 
|1352|0x00000000d4800000, 0x00000000d4900000, 0x00000000d4900000|100%| E|CS|TAMS 0x00000000d4800000, 0x00000000d4800000| Complete 
|1353|0x00000000d4900000, 0x00000000d4a00000, 0x00000000d4a00000|100%| E|CS|TAMS 0x00000000d4900000, 0x00000000d4900000| Complete 
|1354|0x00000000d4a00000, 0x00000000d4b00000, 0x00000000d4b00000|100%| E|CS|TAMS 0x00000000d4a00000, 0x00000000d4a00000| Complete 
|1355|0x00000000d4b00000, 0x00000000d4c00000, 0x00000000d4c00000|100%| E|CS|TAMS 0x00000000d4b00000, 0x00000000d4b00000| Complete 
|1356|0x00000000d4c00000, 0x00000000d4d00000, 0x00000000d4d00000|100%| E|CS|TAMS 0x00000000d4c00000, 0x00000000d4c00000| Complete 
|1357|0x00000000d4d00000, 0x00000000d4e00000, 0x00000000d4e00000|100%| E|CS|TAMS 0x00000000d4d00000, 0x00000000d4d00000| Complete 
|1358|0x00000000d4e00000, 0x00000000d4f00000, 0x00000000d4f00000|100%| E|CS|TAMS 0x00000000d4e00000, 0x00000000d4e00000| Complete 
|1359|0x00000000d4f00000, 0x00000000d5000000, 0x00000000d5000000|100%| E|CS|TAMS 0x00000000d4f00000, 0x00000000d4f00000| Complete 
|1360|0x00000000d5000000, 0x00000000d5100000, 0x00000000d5100000|100%| E|CS|TAMS 0x00000000d5000000, 0x00000000d5000000| Complete 
|1361|0x00000000d5100000, 0x00000000d5200000, 0x00000000d5200000|100%| E|CS|TAMS 0x00000000d5100000, 0x00000000d5100000| Complete 
|1362|0x00000000d5200000, 0x00000000d5300000, 0x00000000d5300000|100%| E|CS|TAMS 0x00000000d5200000, 0x00000000d5200000| Complete 
|1363|0x00000000d5300000, 0x00000000d5400000, 0x00000000d5400000|100%| E|CS|TAMS 0x00000000d5300000, 0x00000000d5300000| Complete 
|1364|0x00000000d5400000, 0x00000000d5500000, 0x00000000d5500000|100%| E|CS|TAMS 0x00000000d5400000, 0x00000000d5400000| Complete 
|1365|0x00000000d5500000, 0x00000000d5600000, 0x00000000d5600000|100%| E|CS|TAMS 0x00000000d5500000, 0x00000000d5500000| Complete 
|1366|0x00000000d5600000, 0x00000000d5700000, 0x00000000d5700000|100%| E|CS|TAMS 0x00000000d5600000, 0x00000000d5600000| Complete 
|1367|0x00000000d5700000, 0x00000000d5800000, 0x00000000d5800000|100%| E|CS|TAMS 0x00000000d5700000, 0x00000000d5700000| Complete 
|1368|0x00000000d5800000, 0x00000000d5900000, 0x00000000d5900000|100%| E|CS|TAMS 0x00000000d5800000, 0x00000000d5800000| Complete 
|1369|0x00000000d5900000, 0x00000000d5a00000, 0x00000000d5a00000|100%| E|CS|TAMS 0x00000000d5900000, 0x00000000d5900000| Complete 
|1370|0x00000000d5a00000, 0x00000000d5b00000, 0x00000000d5b00000|100%| E|CS|TAMS 0x00000000d5a00000, 0x00000000d5a00000| Complete 
|1371|0x00000000d5b00000, 0x00000000d5c00000, 0x00000000d5c00000|100%| E|CS|TAMS 0x00000000d5b00000, 0x00000000d5b00000| Complete 
|1372|0x00000000d5c00000, 0x00000000d5d00000, 0x00000000d5d00000|100%| E|CS|TAMS 0x00000000d5c00000, 0x00000000d5c00000| Complete 
|1373|0x00000000d5d00000, 0x00000000d5e00000, 0x00000000d5e00000|100%| E|CS|TAMS 0x00000000d5d00000, 0x00000000d5d00000| Complete 
|1374|0x00000000d5e00000, 0x00000000d5f00000, 0x00000000d5f00000|100%| E|CS|TAMS 0x00000000d5e00000, 0x00000000d5e00000| Complete 
|1375|0x00000000d5f00000, 0x00000000d6000000, 0x00000000d6000000|100%| E|CS|TAMS 0x00000000d5f00000, 0x00000000d5f00000| Complete 
|1376|0x00000000d6000000, 0x00000000d6100000, 0x00000000d6100000|100%| E|CS|TAMS 0x00000000d6000000, 0x00000000d6000000| Complete 
|1377|0x00000000d6100000, 0x00000000d6200000, 0x00000000d6200000|100%| E|CS|TAMS 0x00000000d6100000, 0x00000000d6100000| Complete 
|1378|0x00000000d6200000, 0x00000000d6300000, 0x00000000d6300000|100%| E|CS|TAMS 0x00000000d6200000, 0x00000000d6200000| Complete 
|1379|0x00000000d6300000, 0x00000000d6400000, 0x00000000d6400000|100%| E|CS|TAMS 0x00000000d6300000, 0x00000000d6300000| Complete 
|1380|0x00000000d6400000, 0x00000000d6500000, 0x00000000d6500000|100%| E|CS|TAMS 0x00000000d6400000, 0x00000000d6400000| Complete 
|1381|0x00000000d6500000, 0x00000000d6600000, 0x00000000d6600000|100%| E|CS|TAMS 0x00000000d6500000, 0x00000000d6500000| Complete 
|1382|0x00000000d6600000, 0x00000000d6700000, 0x00000000d6700000|100%| E|CS|TAMS 0x00000000d6600000, 0x00000000d6600000| Complete 
|1383|0x00000000d6700000, 0x00000000d6800000, 0x00000000d6800000|100%| E|CS|TAMS 0x00000000d6700000, 0x00000000d6700000| Complete 
|1384|0x00000000d6800000, 0x00000000d6900000, 0x00000000d6900000|100%| E|CS|TAMS 0x00000000d6800000, 0x00000000d6800000| Complete 
|1385|0x00000000d6900000, 0x00000000d6a00000, 0x00000000d6a00000|100%| E|CS|TAMS 0x00000000d6900000, 0x00000000d6900000| Complete 
|1386|0x00000000d6a00000, 0x00000000d6b00000, 0x00000000d6b00000|100%| E|CS|TAMS 0x00000000d6a00000, 0x00000000d6a00000| Complete 
|1387|0x00000000d6b00000, 0x00000000d6c00000, 0x00000000d6c00000|100%| E|CS|TAMS 0x00000000d6b00000, 0x00000000d6b00000| Complete 
|1388|0x00000000d6c00000, 0x00000000d6d00000, 0x00000000d6d00000|100%| E|CS|TAMS 0x00000000d6c00000, 0x00000000d6c00000| Complete 
|1389|0x00000000d6d00000, 0x00000000d6e00000, 0x00000000d6e00000|100%| E|CS|TAMS 0x00000000d6d00000, 0x00000000d6d00000| Complete 
|1390|0x00000000d6e00000, 0x00000000d6f00000, 0x00000000d6f00000|100%| E|CS|TAMS 0x00000000d6e00000, 0x00000000d6e00000| Complete 
|1391|0x00000000d6f00000, 0x00000000d7000000, 0x00000000d7000000|100%| E|CS|TAMS 0x00000000d6f00000, 0x00000000d6f00000| Complete 
|1392|0x00000000d7000000, 0x00000000d7100000, 0x00000000d7100000|100%| E|CS|TAMS 0x00000000d7000000, 0x00000000d7000000| Complete 
|1393|0x00000000d7100000, 0x00000000d7200000, 0x00000000d7200000|100%| E|CS|TAMS 0x00000000d7100000, 0x00000000d7100000| Complete 
|1394|0x00000000d7200000, 0x00000000d7300000, 0x00000000d7300000|100%| E|CS|TAMS 0x00000000d7200000, 0x00000000d7200000| Complete 
|1395|0x00000000d7300000, 0x00000000d7400000, 0x00000000d7400000|100%| E|CS|TAMS 0x00000000d7300000, 0x00000000d7300000| Complete 
|1396|0x00000000d7400000, 0x00000000d7500000, 0x00000000d7500000|100%| E|CS|TAMS 0x00000000d7400000, 0x00000000d7400000| Complete 
|1397|0x00000000d7500000, 0x00000000d7600000, 0x00000000d7600000|100%| E|CS|TAMS 0x00000000d7500000, 0x00000000d7500000| Complete 
|1398|0x00000000d7600000, 0x00000000d7700000, 0x00000000d7700000|100%| E|CS|TAMS 0x00000000d7600000, 0x00000000d7600000| Complete 
|1399|0x00000000d7700000, 0x00000000d7800000, 0x00000000d7800000|100%| E|CS|TAMS 0x00000000d7700000, 0x00000000d7700000| Complete 
|1400|0x00000000d7800000, 0x00000000d7900000, 0x00000000d7900000|100%| E|CS|TAMS 0x00000000d7800000, 0x00000000d7800000| Complete 
|1401|0x00000000d7900000, 0x00000000d7a00000, 0x00000000d7a00000|100%| E|CS|TAMS 0x00000000d7900000, 0x00000000d7900000| Complete 
|1402|0x00000000d7a00000, 0x00000000d7b00000, 0x00000000d7b00000|100%| E|CS|TAMS 0x00000000d7a00000, 0x00000000d7a00000| Complete 
|1403|0x00000000d7b00000, 0x00000000d7c00000, 0x00000000d7c00000|100%| E|CS|TAMS 0x00000000d7b00000, 0x00000000d7b00000| Complete 
|1404|0x00000000d7c00000, 0x00000000d7d00000, 0x00000000d7d00000|100%| E|CS|TAMS 0x00000000d7c00000, 0x00000000d7c00000| Complete 
|1405|0x00000000d7d00000, 0x00000000d7e00000, 0x00000000d7e00000|100%| E|CS|TAMS 0x00000000d7d00000, 0x00000000d7d00000| Complete 
|1406|0x00000000d7e00000, 0x00000000d7f00000, 0x00000000d7f00000|100%| E|CS|TAMS 0x00000000d7e00000, 0x00000000d7e00000| Complete 
|1407|0x00000000d7f00000, 0x00000000d8000000, 0x00000000d8000000|100%| E|CS|TAMS 0x00000000d7f00000, 0x00000000d7f00000| Complete 
|1408|0x00000000d8000000, 0x00000000d8100000, 0x00000000d8100000|100%| E|CS|TAMS 0x00000000d8000000, 0x00000000d8000000| Complete 
|1409|0x00000000d8100000, 0x00000000d8200000, 0x00000000d8200000|100%| E|CS|TAMS 0x00000000d8100000, 0x00000000d8100000| Complete 
|1410|0x00000000d8200000, 0x00000000d8300000, 0x00000000d8300000|100%| E|CS|TAMS 0x00000000d8200000, 0x00000000d8200000| Complete 
|1411|0x00000000d8300000, 0x00000000d8400000, 0x00000000d8400000|100%| E|CS|TAMS 0x00000000d8300000, 0x00000000d8300000| Complete 
|1412|0x00000000d8400000, 0x00000000d8500000, 0x00000000d8500000|100%| E|CS|TAMS 0x00000000d8400000, 0x00000000d8400000| Complete 
|1413|0x00000000d8500000, 0x00000000d8600000, 0x00000000d8600000|100%| E|CS|TAMS 0x00000000d8500000, 0x00000000d8500000| Complete 
|1414|0x00000000d8600000, 0x00000000d8700000, 0x00000000d8700000|100%| E|CS|TAMS 0x00000000d8600000, 0x00000000d8600000| Complete 
|1415|0x00000000d8700000, 0x00000000d8800000, 0x00000000d8800000|100%| E|CS|TAMS 0x00000000d8700000, 0x00000000d8700000| Complete 
|1416|0x00000000d8800000, 0x00000000d8900000, 0x00000000d8900000|100%| E|CS|TAMS 0x00000000d8800000, 0x00000000d8800000| Complete 
|1417|0x00000000d8900000, 0x00000000d8a00000, 0x00000000d8a00000|100%| E|CS|TAMS 0x00000000d8900000, 0x00000000d8900000| Complete 
|1418|0x00000000d8a00000, 0x00000000d8b00000, 0x00000000d8b00000|100%| E|CS|TAMS 0x00000000d8a00000, 0x00000000d8a00000| Complete 
|1419|0x00000000d8b00000, 0x00000000d8c00000, 0x00000000d8c00000|100%| E|CS|TAMS 0x00000000d8b00000, 0x00000000d8b00000| Complete 
|1420|0x00000000d8c00000, 0x00000000d8d00000, 0x00000000d8d00000|100%| E|CS|TAMS 0x00000000d8c00000, 0x00000000d8c00000| Complete 
|1421|0x00000000d8d00000, 0x00000000d8e00000, 0x00000000d8e00000|100%| E|CS|TAMS 0x00000000d8d00000, 0x00000000d8d00000| Complete 
|1422|0x00000000d8e00000, 0x00000000d8f00000, 0x00000000d8f00000|100%| E|CS|TAMS 0x00000000d8e00000, 0x00000000d8e00000| Complete 
|1423|0x00000000d8f00000, 0x00000000d9000000, 0x00000000d9000000|100%| E|CS|TAMS 0x00000000d8f00000, 0x00000000d8f00000| Complete 
|1424|0x00000000d9000000, 0x00000000d9100000, 0x00000000d9100000|100%| E|CS|TAMS 0x00000000d9000000, 0x00000000d9000000| Complete 
|1425|0x00000000d9100000, 0x00000000d9200000, 0x00000000d9200000|100%| E|CS|TAMS 0x00000000d9100000, 0x00000000d9100000| Complete 
|1426|0x00000000d9200000, 0x00000000d9300000, 0x00000000d9300000|100%| E|CS|TAMS 0x00000000d9200000, 0x00000000d9200000| Complete 
|1427|0x00000000d9300000, 0x00000000d9400000, 0x00000000d9400000|100%| E|CS|TAMS 0x00000000d9300000, 0x00000000d9300000| Complete 
|1428|0x00000000d9400000, 0x00000000d9500000, 0x00000000d9500000|100%| E|CS|TAMS 0x00000000d9400000, 0x00000000d9400000| Complete 
|1429|0x00000000d9500000, 0x00000000d9600000, 0x00000000d9600000|100%| E|CS|TAMS 0x00000000d9500000, 0x00000000d9500000| Complete 
|1430|0x00000000d9600000, 0x00000000d9700000, 0x00000000d9700000|100%| E|CS|TAMS 0x00000000d9600000, 0x00000000d9600000| Complete 
|1431|0x00000000d9700000, 0x00000000d9800000, 0x00000000d9800000|100%| E|CS|TAMS 0x00000000d9700000, 0x00000000d9700000| Complete 
|1432|0x00000000d9800000, 0x00000000d9900000, 0x00000000d9900000|100%| E|CS|TAMS 0x00000000d9800000, 0x00000000d9800000| Complete 
|1433|0x00000000d9900000, 0x00000000d9a00000, 0x00000000d9a00000|100%| E|CS|TAMS 0x00000000d9900000, 0x00000000d9900000| Complete 
|1434|0x00000000d9a00000, 0x00000000d9b00000, 0x00000000d9b00000|100%| E|CS|TAMS 0x00000000d9a00000, 0x00000000d9a00000| Complete 
|1435|0x00000000d9b00000, 0x00000000d9c00000, 0x00000000d9c00000|100%| E|CS|TAMS 0x00000000d9b00000, 0x00000000d9b00000| Complete 
|1436|0x00000000d9c00000, 0x00000000d9d00000, 0x00000000d9d00000|100%| E|CS|TAMS 0x00000000d9c00000, 0x00000000d9c00000| Complete 
|1437|0x00000000d9d00000, 0x00000000d9e00000, 0x00000000d9e00000|100%| E|CS|TAMS 0x00000000d9d00000, 0x00000000d9d00000| Complete 
|1438|0x00000000d9e00000, 0x00000000d9f00000, 0x00000000d9f00000|100%| E|CS|TAMS 0x00000000d9e00000, 0x00000000d9e00000| Complete 
|1439|0x00000000d9f00000, 0x00000000da000000, 0x00000000da000000|100%| E|CS|TAMS 0x00000000d9f00000, 0x00000000d9f00000| Complete 
|2024|0x00000000fe800000, 0x00000000fe900000, 0x00000000fe900000|100%| E|CS|TAMS 0x00000000fe800000, 0x00000000fe800000| Complete 
|2025|0x00000000fe900000, 0x00000000fea00000, 0x00000000fea00000|100%| E|CS|TAMS 0x00000000fe900000, 0x00000000fe900000| Complete 
|2026|0x00000000fea00000, 0x00000000feb00000, 0x00000000feb00000|100%| E|CS|TAMS 0x00000000fea00000, 0x00000000fea00000| Complete 
|2027|0x00000000feb00000, 0x00000000fec00000, 0x00000000fec00000|100%| E|CS|TAMS 0x00000000feb00000, 0x00000000feb00000| Complete 
|2028|0x00000000fec00000, 0x00000000fed00000, 0x00000000fed00000|100%| E|CS|TAMS 0x00000000fec00000, 0x00000000fec00000| Complete 
|2029|0x00000000fed00000, 0x00000000fee00000, 0x00000000fee00000|100%| E|CS|TAMS 0x00000000fed00000, 0x00000000fed00000| Complete 
|2030|0x00000000fee00000, 0x00000000fef00000, 0x00000000fef00000|100%| E|CS|TAMS 0x00000000fee00000, 0x00000000fee00000| Complete 
|2031|0x00000000fef00000, 0x00000000ff000000, 0x00000000ff000000|100%| E|CS|TAMS 0x00000000fef00000, 0x00000000fef00000| Complete 
|2032|0x00000000ff000000, 0x00000000ff100000, 0x00000000ff100000|100%| E|CS|TAMS 0x00000000ff000000, 0x00000000ff000000| Complete 
|2033|0x00000000ff100000, 0x00000000ff200000, 0x00000000ff200000|100%| E|CS|TAMS 0x00000000ff100000, 0x00000000ff100000| Complete 
|2034|0x00000000ff200000, 0x00000000ff300000, 0x00000000ff300000|100%| E|CS|TAMS 0x00000000ff200000, 0x00000000ff200000| Complete 
|2035|0x00000000ff300000, 0x00000000ff400000, 0x00000000ff400000|100%| E|CS|TAMS 0x00000000ff300000, 0x00000000ff300000| Complete 
|2036|0x00000000ff400000, 0x00000000ff500000, 0x00000000ff500000|100%| E|CS|TAMS 0x00000000ff400000, 0x00000000ff400000| Complete 
|2037|0x00000000ff500000, 0x00000000ff600000, 0x00000000ff600000|100%| E|CS|TAMS 0x00000000ff500000, 0x00000000ff500000| Complete 
|2038|0x00000000ff600000, 0x00000000ff700000, 0x00000000ff700000|100%| E|CS|TAMS 0x00000000ff600000, 0x00000000ff600000| Complete 
|2039|0x00000000ff700000, 0x00000000ff800000, 0x00000000ff800000|100%| E|CS|TAMS 0x00000000ff700000, 0x00000000ff700000| Complete 
|2040|0x00000000ff800000, 0x00000000ff900000, 0x00000000ff900000|100%| O|  |TAMS 0x00000000ff900000, 0x00000000ff800000| Untracked 
|2041|0x00000000ff900000, 0x00000000ffa00000, 0x00000000ffa00000|100%| O|  |TAMS 0x00000000ffa00000, 0x00000000ff900000| Untracked 
|2042|0x00000000ffa00000, 0x00000000ffb00000, 0x00000000ffb00000|100%| O|  |TAMS 0x00000000ffb00000, 0x00000000ffa00000| Untracked 
|2043|0x00000000ffb00000, 0x00000000ffc00000, 0x00000000ffc00000|100%| O|  |TAMS 0x00000000ffc00000, 0x00000000ffb00000| Untracked 
|2044|0x00000000ffc00000, 0x00000000ffd00000, 0x00000000ffd00000|100%| O|  |TAMS 0x00000000ffd00000, 0x00000000ffc00000| Untracked 
|2045|0x00000000ffd00000, 0x00000000ffe00000, 0x00000000ffe00000|100%| O|  |TAMS 0x00000000ffe00000, 0x00000000ffd00000| Untracked 
|2046|0x00000000ffe00000, 0x00000000fff00000, 0x00000000fff00000|100%| O|  |TAMS 0x00000000fff00000, 0x00000000ffe00000| Untracked 
|2047|0x00000000fff00000, 0x0000000100000000, 0x0000000100000000|100%| O|  |TAMS 0x0000000100000000, 0x00000000fff00000| Untracked 

Card table byte_map: [0x00000215be310000,0x00000215be710000] _byte_map_base: 0x00000215bdf10000

Marking Bits (Prev, Next): (CMBitMap*) 0x00000215a6949bb0, (CMBitMap*) 0x00000215a6949b70
 Prev Bits: [0x00000215c0b10000, 0x00000215c2b10000)
 Next Bits: [0x00000215beb10000, 0x00000215c0b10000)

Polling page: 0x00000215a46a0000

Metaspace:

Usage:
  Non-class:    241.25 MB used.
      Class:     35.28 MB used.
       Both:    276.53 MB used.

Virtual space:
  Non-class space:      256.00 MB reserved,     244.38 MB ( 95%) committed,  4 nodes.
      Class space:        1.00 GB reserved,      36.81 MB (  4%) committed,  1 nodes.
             Both:        1.25 GB reserved,     281.19 MB ( 22%) committed. 

Chunk freelists:
   Non-Class:  13.21 MB
       Class:  11.67 MB
        Both:  24.88 MB

MaxMetaspaceSize: unlimited
CompressedClassSpaceSize: 1.00 GB
Initial GC threshold: 21.00 MB
Current GC threshold: 468.56 MB
CDS: on
MetaspaceReclaimPolicy: balanced
 - commit_granule_bytes: 65536.
 - commit_granule_words: 8192.
 - virtual_space_node_default_size: 8388608.
 - enlarge_chunks_in_place: 1.
 - new_chunks_are_fully_committed: 0.
 - uncommit_free_chunks: 1.
 - use_allocation_guard: 0.
 - handle_deallocations: 1.


Internal statistics:

num_allocs_failed_limit: 6.
num_arena_births: 4798.
num_arena_deaths: 1342.
num_vsnodes_births: 5.
num_vsnodes_deaths: 0.
num_space_committed: 4673.
num_space_uncommitted: 180.
num_chunks_returned_to_freelist: 2471.
num_chunks_taken_from_freelist: 18507.
num_chunk_merges: 841.
num_chunk_splits: 11780.
num_chunks_enlarged: 7691.
num_inconsistent_stats: 0.

CodeHeap 'non-profiled nmethods': size=119168Kb used=60301Kb max_used=60301Kb free=58866Kb
 bounds [0x00000215b6000000, 0x00000215b9af0000, 0x00000215bd460000]
CodeHeap 'profiled nmethods': size=119104Kb used=83932Kb max_used=86234Kb free=35171Kb
 bounds [0x00000215ae460000, 0x00000215b3990000, 0x00000215b58b0000]
CodeHeap 'non-nmethods': size=7488Kb used=2655Kb max_used=4468Kb free=4832Kb
 bounds [0x00000215b58b0000, 0x00000215b5d20000, 0x00000215b6000000]
 total_blobs=46695 nmethods=45486 adapters=1118
 compilation: enabled
              stopped_count=0, restarted_count=0
 full_count=0

Compilation events (20 events):
Event: 3079.447 Thread 0x0000021632ad64b0 nmethod 64088 0x00000215b9ad1390 code [0x00000215b9ad15c0, 0x00000215b9ad2a68]
Event: 3079.447 Thread 0x0000021632ad64b0 64122       4       org.jetbrains.kotlin.gradle.internal.kapt.incremental.ClassTypeExtractorVisitor::visitField (83 bytes)
Event: 3079.449 Thread 0x00000215c5d10e00 64126       3       org.jetbrains.org.objectweb.asm.SymbolTable::addConstantNameAndType (137 bytes)
Event: 3079.450 Thread 0x00000215c5d10e00 nmethod 64126 0x00000215b0758210 code [0x00000215b0758460, 0x00000215b0758b68]
Event: 3079.454 Thread 0x00000215c5d0e4e0 nmethod 64078 0x00000215b9ad3510 code [0x00000215b9ad3780, 0x00000215b9ad50e0]
Event: 3079.454 Thread 0x00000215c5d0e4e0 64112 %     4       org.jetbrains.kotlin.gradle.internal.kapt.incremental.ClasspathEntryData::writeObject @ 343 (1063 bytes)
Event: 3079.478 Thread 0x000002161d362a60 nmethod 64100 0x00000215b9ad5b10 code [0x00000215b9ad5e00, 0x00000215b9ad7f10]
Event: 3079.478 Thread 0x000002161d362a60 64114       4       org.jetbrains.org.objectweb.asm.ByteVector::<init> (13 bytes)
Event: 3079.480 Thread 0x000002161d362a60 nmethod 64114 0x00000215b9ad8f10 code [0x00000215b9ad90a0, 0x00000215b9ad9278]
Event: 3079.480 Thread 0x000002161d362a60 64103       4       org.jetbrains.org.objectweb.asm.Type::getArgumentTypes (8 bytes)
Event: 3079.481 Thread 0x000002161d362a60 nmethod 64103 0x00000215b9ad9310 code [0x00000215b9ad94c0, 0x00000215b9ad9608]
Event: 3079.482 Thread 0x000002161d362a60 64099       4       kotlin.collections.CollectionsKt__MutableCollectionsKt::addAll (26 bytes)
Event: 3079.484 Thread 0x000002161d362a60 nmethod 64099 0x00000215b9ad9790 code [0x00000215b9ad9940, 0x00000215b9ad9aa8]
Event: 3079.484 Thread 0x000002161d362a60 64089       4       kotlin.io.ByteStreamsKt::readBytes (47 bytes)
Event: 3079.486 Thread 0x000002161d363500 nmethod 64110 0x00000215b9ad9c90 code [0x00000215b9ad9ec0, 0x00000215b9adade8]
Event: 3079.486 Thread 0x000002161d363500 64087       4       org.jetbrains.org.objectweb.asm.ClassWriter::<init> (73 bytes)
Event: 3079.492 Thread 0x000002161d362a60 nmethod 64089 0x00000215b9adb910 code [0x00000215b9adbae0, 0x00000215b9adc578]
Event: 3079.492 Thread 0x000002161d362a60 64091       4       org.jetbrains.kotlin.gradle.internal.kapt.incremental.ClassTypeExtractorVisitor::<init> (54 bytes)
Event: 3079.495 Thread 0x000002161d363500 nmethod 64087 0x00000215b9adc990 code [0x00000215b9adcb40, 0x00000215b9add1d8]
Event: 3079.495 Thread 0x000002161d363500 64090       4       org.jetbrains.org.objectweb.asm.SymbolTable::<init> (41 bytes)

GC Heap History (20 events):
Event: 3071.659 GC heap before
{Heap before GC invocations=306 (full 0):
 garbage-first heap   total 1464320K, used 1288806K [0x0000000080000000, 0x0000000100000000)
  region size 1024K, 170 young (174080K), 9 survivors (9216K)
 Metaspace       used 286623K, committed 288832K, reserved 1310720K
  class space    used 36593K, committed 37696K, reserved 1048576K
}
Event: 3071.665 GC heap after
{Heap after GC invocations=307 (full 0):
 garbage-first heap   total 1464320K, used 1129190K [0x0000000080000000, 0x0000000100000000)
  region size 1024K, 14 young (14336K), 14 survivors (14336K)
 Metaspace       used 286623K, committed 288832K, reserved 1310720K
  class space    used 36593K, committed 37696K, reserved 1048576K
}
Event: 3071.726 GC heap before
{Heap before GC invocations=307 (full 0):
 garbage-first heap   total 1464320K, used 1290982K [0x0000000080000000, 0x0000000100000000)
  region size 1024K, 172 young (176128K), 14 survivors (14336K)
 Metaspace       used 286625K, committed 288832K, reserved 1310720K
  class space    used 36593K, committed 37696K, reserved 1048576K
}
Event: 3071.732 GC heap after
{Heap after GC invocations=308 (full 0):
 garbage-first heap   total 1464320K, used 1134502K [0x0000000080000000, 0x0000000100000000)
  region size 1024K, 12 young (12288K), 12 survivors (12288K)
 Metaspace       used 286625K, committed 288832K, reserved 1310720K
  class space    used 36593K, committed 37696K, reserved 1048576K
}
Event: 3071.883 GC heap before
{Heap before GC invocations=308 (full 0):
 garbage-first heap   total 1464320K, used 1294246K [0x0000000080000000, 0x0000000100000000)
  region size 1024K, 167 young (171008K), 12 survivors (12288K)
 Metaspace       used 286626K, committed 288832K, reserved 1310720K
  class space    used 36593K, committed 37696K, reserved 1048576K
}
Event: 3071.892 GC heap after
{Heap after GC invocations=309 (full 0):
 garbage-first heap   total 1499136K, used 1146625K [0x0000000080000000, 0x0000000100000000)
  region size 1024K, 21 young (21504K), 21 survivors (21504K)
 Metaspace       used 286626K, committed 288832K, reserved 1310720K
  class space    used 36593K, committed 37696K, reserved 1048576K
}
Event: 3072.052 GC heap before
{Heap before GC invocations=309 (full 0):
 garbage-first heap   total 1499136K, used 1317633K [0x0000000080000000, 0x0000000100000000)
  region size 1024K, 189 young (193536K), 21 survivors (21504K)
 Metaspace       used 286626K, committed 288832K, reserved 1310720K
  class space    used 36593K, committed 37696K, reserved 1048576K
}
Event: 3072.086 GC heap after
{Heap after GC invocations=310 (full 0):
 garbage-first heap   total 1499136K, used 1210278K [0x0000000080000000, 0x0000000100000000)
  region size 1024K, 24 young (24576K), 24 survivors (24576K)
 Metaspace       used 286626K, committed 288832K, reserved 1310720K
  class space    used 36593K, committed 37696K, reserved 1048576K
}
Event: 3072.164 GC heap before
{Heap before GC invocations=310 (full 0):
 garbage-first heap   total 1499136K, used 1297318K [0x0000000080000000, 0x0000000100000000)
  region size 1024K, 109 young (111616K), 24 survivors (24576K)
 Metaspace       used 286627K, committed 288832K, reserved 1310720K
  class space    used 36593K, committed 37696K, reserved 1048576K
}
Event: 3072.184 GC heap after
{Heap after GC invocations=311 (full 0):
 garbage-first heap   total 1499136K, used 1237504K [0x0000000080000000, 0x0000000100000000)
  region size 1024K, 14 young (14336K), 14 survivors (14336K)
 Metaspace       used 286627K, committed 288832K, reserved 1310720K
  class space    used 36593K, committed 37696K, reserved 1048576K
}
Event: 3072.288 GC heap before
{Heap before GC invocations=311 (full 0):
 garbage-first heap   total 1499136K, used 1305088K [0x0000000080000000, 0x0000000100000000)
  region size 1024K, 81 young (82944K), 14 survivors (14336K)
 Metaspace       used 286627K, committed 288832K, reserved 1310720K
  class space    used 36593K, committed 37696K, reserved 1048576K
}
Event: 3072.299 GC heap after
{Heap after GC invocations=312 (full 0):
 garbage-first heap   total 1499136K, used 1245870K [0x0000000080000000, 0x0000000100000000)
  region size 1024K, 6 young (6144K), 6 survivors (6144K)
 Metaspace       used 286627K, committed 288832K, reserved 1310720K
  class space    used 36593K, committed 37696K, reserved 1048576K
}
Event: 3072.676 GC heap before
{Heap before GC invocations=313 (full 0):
 garbage-first heap   total 1499136K, used 930478K [0x0000000080000000, 0x0000000100000000)
  region size 1024K, 73 young (74752K), 6 survivors (6144K)
 Metaspace       used 283133K, committed 287872K, reserved 1310720K
  class space    used 36122K, committed 37696K, reserved 1048576K
}
Event: 3072.682 GC heap after
{Heap after GC invocations=314 (full 0):
 garbage-first heap   total 1499136K, used 869634K [0x0000000080000000, 0x0000000100000000)
  region size 1024K, 10 young (10240K), 10 survivors (10240K)
 Metaspace       used 283133K, committed 287872K, reserved 1310720K
  class space    used 36122K, committed 37696K, reserved 1048576K
}
Event: 3072.795 GC heap before
{Heap before GC invocations=314 (full 0):
 garbage-first heap   total 1499136K, used 933122K [0x0000000080000000, 0x0000000100000000)
  region size 1024K, 73 young (74752K), 10 survivors (10240K)
 Metaspace       used 283133K, committed 287872K, reserved 1310720K
  class space    used 36122K, committed 37696K, reserved 1048576K
}
Event: 3072.803 GC heap after
{Heap after GC invocations=315 (full 0):
 garbage-first heap   total 1499136K, used 725334K [0x0000000080000000, 0x0000000100000000)
  region size 1024K, 6 young (6144K), 6 survivors (6144K)
 Metaspace       used 283133K, committed 287872K, reserved 1310720K
  class space    used 36122K, committed 37696K, reserved 1048576K
}
Event: 3073.219 GC heap before
{Heap before GC invocations=315 (full 0):
 garbage-first heap   total 1499136K, used 800086K [0x0000000080000000, 0x0000000100000000)
  region size 1024K, 73 young (74752K), 6 survivors (6144K)
 Metaspace       used 283133K, committed 287872K, reserved 1310720K
  class space    used 36122K, committed 37696K, reserved 1048576K
}
Event: 3073.229 GC heap after
{Heap after GC invocations=316 (full 0):
 garbage-first heap   total 1499136K, used 590221K [0x0000000080000000, 0x0000000100000000)
  region size 1024K, 9 young (9216K), 9 survivors (9216K)
 Metaspace       used 283133K, committed 287872K, reserved 1310720K
  class space    used 36122K, committed 37696K, reserved 1048576K
}
Event: 3073.666 GC heap before
{Heap before GC invocations=316 (full 0):
 garbage-first heap   total 1499136K, used 669069K [0x0000000080000000, 0x0000000100000000)
  region size 1024K, 73 young (74752K), 9 survivors (9216K)
 Metaspace       used 283133K, committed 287872K, reserved 1310720K
  class space    used 36122K, committed 37696K, reserved 1048576K
}
Event: 3073.690 GC heap after
{Heap after GC invocations=317 (full 0):
 garbage-first heap   total 1499136K, used 553796K [0x0000000080000000, 0x0000000100000000)
  region size 1024K, 9 young (9216K), 9 survivors (9216K)
 Metaspace       used 283133K, committed 287872K, reserved 1310720K
  class space    used 36122K, committed 37696K, reserved 1048576K
}

Dll operation events (17 events):
Event: 0.009 Loaded shared library C:\Users\mrtha\.jdks\ms-17.0.17\bin\java.dll
Event: 0.024 Loaded shared library C:\Users\mrtha\.jdks\ms-17.0.17\bin\jsvml.dll
Event: 0.064 Loaded shared library C:\Users\mrtha\.jdks\ms-17.0.17\bin\zip.dll
Event: 0.067 Loaded shared library C:\Users\mrtha\.jdks\ms-17.0.17\bin\instrument.dll
Event: 0.072 Loaded shared library C:\Users\mrtha\.jdks\ms-17.0.17\bin\net.dll
Event: 0.074 Loaded shared library C:\Users\mrtha\.jdks\ms-17.0.17\bin\nio.dll
Event: 0.076 Loaded shared library C:\Users\mrtha\.jdks\ms-17.0.17\bin\zip.dll
Event: 0.234 Loaded shared library C:\Users\mrtha\.jdks\ms-17.0.17\bin\jimage.dll
Event: 0.376 Loaded shared library C:\Users\mrtha\.jdks\ms-17.0.17\bin\verify.dll
Event: 0.535 Loaded shared library C:\Users\mrtha\.gradle\native\c067742578af261105cb4f569cf0c3c89f3d7b1fecec35dd04571415982c5e48\windows-amd64\native-platform.dll
Event: 0.546 Loaded shared library C:\Users\mrtha\.gradle\native\100fb08df4bc3b14c8652ba06237920a3bd2aa13389f12d3474272988ae205f9\windows-amd64\native-platform-file-events.dll
Event: 1.489 Loaded shared library C:\Users\mrtha\.jdks\ms-17.0.17\bin\management.dll
Event: 1.498 Loaded shared library C:\Users\mrtha\.jdks\ms-17.0.17\bin\management_ext.dll
Event: 1.714 Loaded shared library C:\Users\mrtha\.jdks\ms-17.0.17\bin\extnet.dll
Event: 1.943 Loaded shared library C:\Users\mrtha\.jdks\ms-17.0.17\bin\sunmscapi.dll
Event: 86.762 Loaded shared library C:\Users\mrtha\.jdks\ms-17.0.17\bin\rmi.dll
Event: 800.254 Loaded shared library C:\Users\mrtha\AppData\Local\Temp\jna-104174760\jna5205541773217795217.dll

Deoptimization events (20 events):
Event: 3079.391 Thread 0x000002160c7e3150 Uncommon trap: trap_request=0xffffff45 fr.pc=0x00000215b9264ad4 relative=0x0000000000006a54
Event: 3079.391 Thread 0x000002160c7e3150 Uncommon trap: reason=unstable_if action=reinterpret pc=0x00000215b9264ad4 method=org.jetbrains.org.objectweb.asm.ClassReader.readMethod(Lorg/jetbrains/org/objectweb/asm/ClassVisitor;Lorg/jetbrains/org/objectweb/asm/Context;I)I @ 309 c2
Event: 3079.392 Thread 0x000002160c7e3150 DEOPT PACKING pc=0x00000215b9264ad4 sp=0x0000001dbe2fbf00
Event: 3079.392 Thread 0x000002160c7e3150 DEOPT UNPACKING pc=0x00000215b59069a3 sp=0x0000001dbe2fbf18 mode 2
Event: 3079.392 Thread 0x000002160c7e3150 Uncommon trap: trap_request=0xffffff45 fr.pc=0x00000215b92538ec relative=0x000000000000718c
Event: 3079.392 Thread 0x000002160c7e3150 Uncommon trap: reason=unstable_if action=reinterpret pc=0x00000215b92538ec method=org.jetbrains.org.objectweb.asm.ClassReader.readField(Lorg/jetbrains/org/objectweb/asm/ClassVisitor;Lorg/jetbrains/org/objectweb/asm/Context;I)I @ 236 c2
Event: 3079.393 Thread 0x000002160c7e3150 DEOPT PACKING pc=0x00000215b92538ec sp=0x0000001dbe2fbf30
Event: 3079.393 Thread 0x000002160c7e3150 DEOPT UNPACKING pc=0x00000215b59069a3 sp=0x0000001dbe2fbf38 mode 2
Event: 3079.393 Thread 0x0000021611fd27f0 Uncommon trap: trap_request=0xffffff45 fr.pc=0x00000215b9234900 relative=0x0000000000000720
Event: 3079.393 Thread 0x0000021611fd27f0 Uncommon trap: reason=unstable_if action=reinterpret pc=0x00000215b9234900 method=org.jetbrains.kotlin.gradle.internal.kapt.incremental.ClassTypeExtractorVisitorKt.finalInternalName(Lorg/jetbrains/org/objectweb/asm/Type;)Ljava/lang/String; @ 4 c2
Event: 3079.393 Thread 0x0000021611fd27f0 DEOPT PACKING pc=0x00000215b9234900 sp=0x0000001dbdefbe40
Event: 3079.393 Thread 0x0000021611fd27f0 DEOPT UNPACKING pc=0x00000215b59069a3 sp=0x0000001dbdefbcd0 mode 2
Event: 3079.397 Thread 0x000002160cbd5f30 Uncommon trap: trap_request=0xffffff45 fr.pc=0x00000215b92dec60 relative=0x0000000000000480
Event: 3079.397 Thread 0x000002160cbd5f30 Uncommon trap: reason=unstable_if action=reinterpret pc=0x00000215b92dec60 method=org.jetbrains.kotlin.gradle.internal.kapt.incremental.ClassTypeExtractorVisitorKt.finalInternalName(Lorg/jetbrains/org/objectweb/asm/Type;)Ljava/lang/String; @ 4 c2
Event: 3079.397 Thread 0x000002160cbd5f30 DEOPT PACKING pc=0x00000215b92dec60 sp=0x0000001db43f8bd0
Event: 3079.397 Thread 0x000002160cbd5f30 DEOPT UNPACKING pc=0x00000215b59069a3 sp=0x0000001db43f8ae8 mode 2
Event: 3079.398 Thread 0x000002160c7e3150 Uncommon trap: trap_request=0xffffff45 fr.pc=0x00000215b92caa74 relative=0x00000000000005d4
Event: 3079.399 Thread 0x000002160c7e3150 Uncommon trap: reason=unstable_if action=reinterpret pc=0x00000215b92caa74 method=org.jetbrains.kotlin.gradle.internal.kapt.incremental.ClassTypeExtractorVisitorKt.finalInternalName(Lorg/jetbrains/org/objectweb/asm/Type;)Ljava/lang/String; @ 4 c2
Event: 3079.399 Thread 0x000002160c7e3150 DEOPT PACKING pc=0x00000215b92caa74 sp=0x0000001dbe2fbe70
Event: 3079.399 Thread 0x000002160c7e3150 DEOPT UNPACKING pc=0x00000215b59069a3 sp=0x0000001dbe2fbd38 mode 2

Classes loaded (20 events):
Event: 2561.434 Loading class com/sun/org/apache/xerces/internal/dom/DeepNodeListImpl
Event: 2561.434 Loading class com/sun/org/apache/xerces/internal/dom/DeepNodeListImpl done
Event: 2564.012 Loading class java/util/concurrent/Executors$DelegatedScheduledExecutorService
Event: 2564.012 Loading class java/util/concurrent/Executors$DelegatedScheduledExecutorService done
Event: 2564.026 Loading class java/lang/ProcessImpl
Event: 2564.027 Loading class java/lang/ProcessImpl done
Event: 2564.054 Loading class java/lang/ProcessHandleImpl
Event: 2564.055 Loading class java/lang/ProcessHandleImpl done
Event: 2564.059 Loading class java/lang/ProcessImpl$2
Event: 2564.060 Loading class java/lang/ProcessImpl$2 done
Event: 2564.061 Loading class java/lang/Process$PipeInputStream
Event: 2564.061 Loading class java/lang/Process$PipeInputStream done
Event: 2564.071 Loading class jdk/internal/event/ProcessStartEvent
Event: 2564.072 Loading class jdk/internal/event/ProcessStartEvent done
Event: 3051.137 Loading class com/sun/org/apache/xerces/internal/dom/DeferredElementNSImpl
Event: 3051.137 Loading class com/sun/org/apache/xerces/internal/dom/DeferredElementNSImpl done
Event: 3051.147 Loading class com/sun/org/apache/xerces/internal/dom/DeferredAttrNSImpl
Event: 3051.148 Loading class com/sun/org/apache/xerces/internal/dom/DeferredAttrNSImpl done
Event: 3075.986 Loading class java/rmi/server/Unreferenced
Event: 3075.987 Loading class java/rmi/server/Unreferenced done

Classes unloaded (20 events):
Event: 3072.385 Thread 0x00000215c5ce7940 Unloading class 0x00000215c7756240 'com/android/ide/gradle/model/builder/LegacyAndroidGradlePluginPropertiesModelBuilder$PluginType'
Event: 3072.385 Thread 0x00000215c5ce7940 Unloading class 0x00000215c7756000 'com/android/ide/gradle/model/artifacts/builder/AdditionalClassifierArtifactsModelBuilder'
Event: 3072.385 Thread 0x00000215c5ce7940 Unloading class 0x00000215c7755da8 'com/android/ide/gradle/model/builder/LegacyAndroidGradlePluginPropertiesModelBuilder$Companion$$Lambda$1038+0x00000215c7755da8'
Event: 3072.385 Thread 0x00000215c5ce7940 Unloading class 0x00000215c7755b88 'com/android/ide/gradle/model/builder/LegacyAndroidGradlePluginPropertiesModelBuilder$Companion$$Lambda$1037+0x00000215c7755b88'
Event: 3072.385 Thread 0x00000215c5ce7940 Unloading class 0x00000215c7755968 'com/android/ide/gradle/model/builder/LegacyAndroidGradlePluginPropertiesModelBuilder$Companion$$Lambda$1036+0x00000215c7755968'
Event: 3072.385 Thread 0x00000215c5ce7940 Unloading class 0x00000215c7755748 'com/android/ide/gradle/model/builder/LegacyAndroidGradlePluginPropertiesModelBuilder$Companion$$Lambda$1035+0x00000215c7755748'
Event: 3072.385 Thread 0x00000215c5ce7940 Unloading class 0x00000215c7755528 'com/android/ide/gradle/model/builder/LegacyAndroidGradlePluginPropertiesModelBuilder$Companion$$Lambda$1034+0x00000215c7755528'
Event: 3072.385 Thread 0x00000215c5ce7940 Unloading class 0x00000215c7755308 'com/android/ide/gradle/model/builder/LegacyAndroidGradlePluginPropertiesModelBuilder$Companion$$Lambda$1033+0x00000215c7755308'
Event: 3072.385 Thread 0x00000215c5ce7940 Unloading class 0x00000215c77550e8 'com/android/ide/gradle/model/builder/LegacyAndroidGradlePluginPropertiesModelBuilder$Companion$$Lambda$1032+0x00000215c77550e8'
Event: 3072.385 Thread 0x00000215c5ce7940 Unloading class 0x00000215c7754ec8 'com/android/ide/gradle/model/builder/LegacyAndroidGradlePluginPropertiesModelBuilder$Companion$$Lambda$1031+0x00000215c7754ec8'
Event: 3072.385 Thread 0x00000215c5ce7940 Unloading class 0x00000215c7754ca8 'com/android/ide/gradle/model/builder/LegacyAndroidGradlePluginPropertiesModelBuilder$Companion$$Lambda$1030+0x00000215c7754ca8'
Event: 3072.385 Thread 0x00000215c5ce7940 Unloading class 0x00000215c7754a88 'com/android/ide/gradle/model/builder/LegacyAndroidGradlePluginPropertiesModelBuilder$Companion$$Lambda$1029+0x00000215c7754a88'
Event: 3072.385 Thread 0x00000215c5ce7940 Unloading class 0x00000215c7754888 'com/android/ide/gradle/model/builder/LegacyAndroidGradlePluginPropertiesModelBuilder$Companion'
Event: 3072.385 Thread 0x00000215c5ce7940 Unloading class 0x00000215c7754640 'com/android/ide/gradle/model/builder/LegacyAndroidGradlePluginPropertiesModelBuilder'
Event: 3072.385 Thread 0x00000215c5ce7940 Unloading class 0x00000215c7754440 'com/android/ide/gradle/model/builder/AndroidStudioToolingPluginKt'
Event: 3072.385 Thread 0x00000215c5ce7940 Unloading class 0x00000215c7754220 'com/android/ide/gradle/model/builder/GradlePropertiesModelBuilder'
Event: 3072.385 Thread 0x00000215c5ce7940 Unloading class 0x00000215c7754000 'com/android/ide/gradle/model/builder/LegacyV1AgpVersionModelBuilder'
Event: 3072.385 Thread 0x00000215c5ce7940 Unloading class 0x00000215c7745c40 'com/android/ide/gradle/model/composites/BuildMapModelBuilder'
Event: 3072.385 Thread 0x00000215c5ce7940 Unloading class 0x00000215c7745a20 'com/android/ide/gradle/model/builder/GradlePluginModelBuilder'
Event: 3072.385 Thread 0x00000215c5ce7940 Unloading class 0x00000215c7745800 'com/android/ide/gradle/model/builder/AndroidStudioToolingPlugin'

Classes redefined (0 events):
No events

Internal exceptions (20 events):
Event: 3071.359 Thread 0x000002161ca58b80 Exception <a 'sun/nio/fs/WindowsException'{0x00000000d063b9f8}> (0x00000000d063b9f8) 
thrown [s\src\hotspot\share\prims\jni.cpp, line 516]
Event: 3071.359 Thread 0x000002161ca58b80 Exception <a 'sun/nio/fs/WindowsException'{0x00000000d063bbe0}> (0x00000000d063bbe0) 
thrown [s\src\hotspot\share\prims\jni.cpp, line 516]
Event: 3071.361 Thread 0x000002161c2fc510 Exception <a 'sun/nio/fs/WindowsException'{0x00000000d02aa588}> (0x00000000d02aa588) 
thrown [s\src\hotspot\share\prims\jni.cpp, line 516]
Event: 3071.361 Thread 0x000002161c2fc510 Exception <a 'sun/nio/fs/WindowsException'{0x00000000d02aa768}> (0x00000000d02aa768) 
thrown [s\src\hotspot\share\prims\jni.cpp, line 516]
Event: 3071.362 Thread 0x000002162a7d3dc0 Exception <a 'sun/nio/fs/WindowsException'{0x00000000d0292290}> (0x00000000d0292290) 
thrown [s\src\hotspot\share\prims\jni.cpp, line 516]
Event: 3071.362 Thread 0x000002162a7d3dc0 Exception <a 'sun/nio/fs/WindowsException'{0x00000000d0292488}> (0x00000000d0292488) 
thrown [s\src\hotspot\share\prims\jni.cpp, line 516]
Event: 3071.367 Thread 0x000002161c2fd440 Exception <a 'sun/nio/fs/WindowsException'{0x00000000cfb62a20}> (0x00000000cfb62a20) 
thrown [s\src\hotspot\share\prims\jni.cpp, line 516]
Event: 3071.367 Thread 0x000002161c2fd440 Exception <a 'sun/nio/fs/WindowsException'{0x00000000cfb62c10}> (0x00000000cfb62c10) 
thrown [s\src\hotspot\share\prims\jni.cpp, line 516]
Event: 3071.367 Thread 0x000002161c38abb0 Exception <a 'sun/nio/fs/WindowsException'{0x00000000cfba5090}> (0x00000000cfba5090) 
thrown [s\src\hotspot\share\prims\jni.cpp, line 516]
Event: 3071.367 Thread 0x000002161c38abb0 Exception <a 'sun/nio/fs/WindowsException'{0x00000000cfba5278}> (0x00000000cfba5278) 
thrown [s\src\hotspot\share\prims\jni.cpp, line 516]
Event: 3071.368 Thread 0x000002160cbd5f30 Exception <a 'sun/nio/fs/WindowsException'{0x00000000cfac1568}> (0x00000000cfac1568) 
thrown [s\src\hotspot\share\prims\jni.cpp, line 516]
Event: 3071.368 Thread 0x000002160cbd5f30 Exception <a 'sun/nio/fs/WindowsException'{0x00000000cfac1758}> (0x00000000cfac1758) 
thrown [s\src\hotspot\share\prims\jni.cpp, line 516]
Event: 3071.377 Thread 0x000002161c389770 Exception <a 'sun/nio/fs/WindowsException'{0x00000000cef4e6b0}> (0x00000000cef4e6b0) 
thrown [s\src\hotspot\share\prims\jni.cpp, line 516]
Event: 3071.378 Thread 0x000002161c389770 Exception <a 'sun/nio/fs/WindowsException'{0x00000000cef4e898}> (0x00000000cef4e898) 
thrown [s\src\hotspot\share\prims\jni.cpp, line 516]
Event: 3072.673 Thread 0x0000021611d76780 Exception <a 'sun/nio/fs/WindowsException'{0x00000000d6d4e630}> (0x00000000d6d4e630) 
thrown [s\src\hotspot\share\prims\jni.cpp, line 516]
Event: 3072.673 Thread 0x0000021611d76780 Exception <a 'sun/nio/fs/WindowsException'{0x00000000d6d50808}> (0x00000000d6d50808) 
thrown [s\src\hotspot\share\prims\jni.cpp, line 516]
Event: 3072.686 Thread 0x000002161256f110 Exception <a 'java/lang/InterruptedException'{0x00000000ff1a7d68}> (0x00000000ff1a7d68) 
thrown [s\src\hotspot\share\runtime\objectMonitor.cpp, line 1658]
Event: 3072.853 Thread 0x0000021611d77bc0 Exception <a 'sun/nio/fs/WindowsException'{0x00000000d98e88f0}> (0x00000000d98e88f0) 
thrown [s\src\hotspot\share\prims\jni.cpp, line 516]
Event: 3074.354 Thread 0x000002160e8f8050 Exception <a 'sun/nio/fs/WindowsException'{0x00000000cf0ef260}> (0x00000000cf0ef260) 
thrown [s\src\hotspot\share\prims\jni.cpp, line 516]
Event: 3074.513 Thread 0x000002162007a3f0 Exception <a 'sun/nio/fs/WindowsException'{0x00000000ce807f78}> (0x00000000ce807f78) 
thrown [s\src\hotspot\share\prims\jni.cpp, line 516]

VM Operations (20 events):
Event: 3072.379 Executing VM operation: G1PauseRemark
Event: 3072.465 Executing VM operation: G1PauseRemark done
Event: 3072.597 Executing VM operation: G1PauseCleanup
Event: 3072.598 Executing VM operation: G1PauseCleanup done
Event: 3072.676 Executing VM operation: G1CollectForAllocation
Event: 3072.682 Executing VM operation: G1CollectForAllocation done
Event: 3072.795 Executing VM operation: G1CollectForAllocation
Event: 3072.803 Executing VM operation: G1CollectForAllocation done
Event: 3072.915 Executing VM operation: HandshakeAllThreads
Event: 3072.916 Executing VM operation: HandshakeAllThreads done
Event: 3073.219 Executing VM operation: G1CollectForAllocation
Event: 3073.229 Executing VM operation: G1CollectForAllocation done
Event: 3073.665 Executing VM operation: G1CollectForAllocation
Event: 3073.690 Executing VM operation: G1CollectForAllocation done
Event: 3073.864 Executing VM operation: HandshakeAllThreads
Event: 3073.865 Executing VM operation: HandshakeAllThreads done
Event: 3074.865 Executing VM operation: Cleanup
Event: 3074.865 Executing VM operation: Cleanup done
Event: 3076.866 Executing VM operation: Cleanup
Event: 3076.866 Executing VM operation: Cleanup done

Memory protections (0 events):
No events

Nmethod flushes (20 events):
Event: 3074.109 Thread 0x00000215c5d11710 flushing  nmethod 0x00000215b36fd990
Event: 3074.109 Thread 0x00000215c5d11710 flushing  nmethod 0x00000215b371b310
Event: 3074.109 Thread 0x00000215c5d11710 flushing  nmethod 0x00000215b371be90
Event: 3074.109 Thread 0x00000215c5d11710 flushing  nmethod 0x00000215b371dc90
Event: 3074.109 Thread 0x00000215c5d11710 flushing  nmethod 0x00000215b371f710
Event: 3074.109 Thread 0x00000215c5d11710 flushing  nmethod 0x00000215b3720310
Event: 3074.110 Thread 0x00000215c5d11710 flushing  nmethod 0x00000215b373c110
Event: 3074.110 Thread 0x00000215c5d11710 flushing  nmethod 0x00000215b3745190
Event: 3074.111 Thread 0x00000215c5d11710 flushing  nmethod 0x00000215b375eb90
Event: 3074.111 Thread 0x00000215c5d11710 flushing  nmethod 0x00000215b375fb10
Event: 3074.111 Thread 0x00000215c5d11710 flushing  nmethod 0x00000215b3760710
Event: 3074.111 Thread 0x00000215c5d11710 flushing  nmethod 0x00000215b3763e10
Event: 3074.111 Thread 0x00000215c5d11710 flushing  nmethod 0x00000215b3764190
Event: 3074.111 Thread 0x00000215c5d11710 flushing  nmethod 0x00000215b3765d90
Event: 3074.111 Thread 0x00000215c5d11710 flushing  nmethod 0x00000215b3766210
Event: 3074.111 Thread 0x00000215c5d11710 flushing  nmethod 0x00000215b3766d90
Event: 3074.111 Thread 0x00000215c5d11710 flushing  nmethod 0x00000215b3768490
Event: 3074.111 Thread 0x00000215c5d11710 flushing  nmethod 0x00000215b3768890
Event: 3074.111 Thread 0x00000215c5d11710 flushing  nmethod 0x00000215b3780090
Event: 3074.114 Thread 0x00000215c5d11710 flushing  nmethod 0x00000215b3845210

Events (20 events):
Event: 3074.525 Thread 0x000002161e678240 Thread exited: 0x000002161e678240
Event: 3074.525 Thread 0x000002160e8f8050 Thread exited: 0x000002160e8f8050
Event: 3074.526 Thread 0x000002162007a3f0 Thread exited: 0x000002162007a3f0
Event: 3075.187 Thread 0x000002161d361520 Thread exited: 0x000002161d361520
Event: 3075.187 Thread 0x000002161d360fd0 Thread exited: 0x000002161d360fd0
Event: 3075.187 Thread 0x000002161d363500 Thread exited: 0x000002161d363500
Event: 3075.187 Thread 0x00000216131047f0 Thread exited: 0x00000216131047f0
Event: 3075.985 Thread 0x0000021611d75d60 Thread added: 0x000002161e671720
Event: 3075.985 Thread 0x000002161c276440 Thread added: 0x0000021619d61af0
Event: 3075.986 Thread 0x0000021613103d50 Thread exited: 0x0000021613103d50
Event: 3075.986 Thread 0x000002161d8e5fe0 Thread exited: 0x000002161d8e5fe0
Event: 3076.823 Thread 0x000002161d8e5a90 Thread exited: 0x000002161d8e5a90
Event: 3076.829 Thread 0x000002161d8e6a80 Thread exited: 0x000002161d8e6a80
Event: 3079.347 Thread 0x000002161abfd040 Thread exited: 0x000002161abfd040
Event: 3079.376 Thread 0x00000215c5d0e4e0 Thread added: 0x000002161cd94ab0
Event: 3079.381 Thread 0x000002161cd94ab0 Thread added: 0x0000021632ad74a0
Event: 3079.388 Thread 0x00000215c5d10e00 Thread added: 0x0000021632ad64b0
Event: 3079.389 Thread 0x00000215c5d10e00 Thread added: 0x0000021632ad79f0
Event: 3079.400 Thread 0x00000215c5d10e00 Thread added: 0x000002161d362a60
Event: 3079.401 Thread 0x00000215c5d10e00 Thread added: 0x000002161d363500


Dynamic libraries:
0x00007ff788790000 - 0x00007ff78879e000 	C:\Users\mrtha\.jdks\ms-17.0.17\bin\java.exe
0x00007ffd55f20000 - 0x00007ffd56188000 	C:\WINDOWS\SYSTEM32\ntdll.dll
0x00007ffd548b0000 - 0x00007ffd54979000 	C:\WINDOWS\System32\KERNEL32.DLL
0x00007ffd535d0000 - 0x00007ffd539c1000 	C:\WINDOWS\System32\KERNELBASE.dll
0x00007ffd53b40000 - 0x00007ffd53c8b000 	C:\WINDOWS\System32\ucrtbase.dll
0x00007ffd38c60000 - 0x00007ffd38c78000 	C:\Users\mrtha\.jdks\ms-17.0.17\bin\jli.dll
0x00007ffd38c40000 - 0x00007ffd38c5e000 	C:\Users\mrtha\.jdks\ms-17.0.17\bin\VCRUNTIME140.dll
0x00007ffd556c0000 - 0x00007ffd55886000 	C:\WINDOWS\System32\USER32.dll
0x00007ffd53c90000 - 0x00007ffd53cb7000 	C:\WINDOWS\System32\win32u.dll
0x00007ffd3c040000 - 0x00007ffd3c2d3000 	C:\WINDOWS\WinSxS\amd64_microsoft.windows.common-controls_6595b64144ccf1df_6.0.26100.7705_none_3e06597ae3363b04\COMCTL32.dll
0x00007ffd542d0000 - 0x00007ffd542fb000 	C:\WINDOWS\System32\GDI32.dll
0x00007ffd55e30000 - 0x00007ffd55ed9000 	C:\WINDOWS\System32\msvcrt.dll
0x00007ffd52940000 - 0x00007ffd52a6b000 	C:\WINDOWS\System32\gdi32full.dll
0x00007ffd52890000 - 0x00007ffd52933000 	C:\WINDOWS\System32\msvcp_win.dll
0x00007ffd54300000 - 0x00007ffd54331000 	C:\WINDOWS\System32\IMM32.DLL
0x00007ffd4ec10000 - 0x00007ffd4ec1c000 	C:\Users\mrtha\.jdks\ms-17.0.17\bin\vcruntime140_1.dll
0x00007ffcef9f0000 - 0x00007ffcefa79000 	C:\Users\mrtha\.jdks\ms-17.0.17\bin\msvcp140.dll
0x00007ffc7ccd0000 - 0x00007ffc7d94a000 	C:\Users\mrtha\.jdks\ms-17.0.17\bin\server\jvm.dll
0x00007ffd54770000 - 0x00007ffd54824000 	C:\WINDOWS\System32\ADVAPI32.dll
0x00007ffd55470000 - 0x00007ffd55516000 	C:\WINDOWS\System32\sechost.dll
0x00007ffd555a0000 - 0x00007ffd556b8000 	C:\WINDOWS\System32\RPCRT4.dll
0x00007ffd540f0000 - 0x00007ffd54164000 	C:\WINDOWS\System32\WS2_32.dll
0x00007ffd42960000 - 0x00007ffd4296b000 	C:\WINDOWS\SYSTEM32\VERSION.dll
0x00007ffd41940000 - 0x00007ffd41975000 	C:\WINDOWS\SYSTEM32\WINMM.dll
0x00007ffd52660000 - 0x00007ffd526be000 	C:\WINDOWS\SYSTEM32\POWRPROF.dll
0x00007ffd52640000 - 0x00007ffd52654000 	C:\WINDOWS\SYSTEM32\UMPDC.dll
0x00007ffd51570000 - 0x00007ffd5158b000 	C:\WINDOWS\SYSTEM32\kernel.appcore.dll
0x00007ffd3be10000 - 0x00007ffd3be1a000 	C:\Users\mrtha\.jdks\ms-17.0.17\bin\jimage.dll
0x00007ffd501e0000 - 0x00007ffd50422000 	C:\WINDOWS\SYSTEM32\DBGHELP.DLL
0x00007ffd54340000 - 0x00007ffd546c6000 	C:\WINDOWS\System32\combase.dll
0x00007ffd541e0000 - 0x00007ffd542b7000 	C:\WINDOWS\System32\OLEAUT32.dll
0x00007ffd1e9c0000 - 0x00007ffd1e9fb000 	C:\WINDOWS\SYSTEM32\dbgcore.DLL
0x00007ffd53a90000 - 0x00007ffd53b35000 	C:\WINDOWS\System32\bcryptPrimitives.dll
0x00007ffd37d10000 - 0x00007ffd37d1f000 	C:\Users\mrtha\.jdks\ms-17.0.17\bin\instrument.dll
0x00007ffd2fec0000 - 0x00007ffd2fee6000 	C:\Users\mrtha\.jdks\ms-17.0.17\bin\java.dll
0x00007ffce36d0000 - 0x00007ffce37a6000 	C:\Users\mrtha\.jdks\ms-17.0.17\bin\jsvml.dll
0x00007ffd54980000 - 0x00007ffd550d1000 	C:\WINDOWS\System32\SHELL32.dll
0x00007ffd52bf0000 - 0x00007ffd52d5a000 	C:\WINDOWS\System32\wintypes.dll
0x00007ffd52d60000 - 0x00007ffd535c2000 	C:\WINDOWS\System32\windows.storage.dll
0x00007ffd55d30000 - 0x00007ffd55e26000 	C:\WINDOWS\System32\SHCORE.dll
0x00007ffd54170000 - 0x00007ffd541d7000 	C:\WINDOWS\System32\shlwapi.dll
0x00007ffd52720000 - 0x00007ffd52749000 	C:\WINDOWS\SYSTEM32\profapi.dll
0x00007ffd378b0000 - 0x00007ffd378c8000 	C:\Users\mrtha\.jdks\ms-17.0.17\bin\zip.dll
0x00007ffd37890000 - 0x00007ffd378ab000 	C:\Users\mrtha\.jdks\ms-17.0.17\bin\net.dll
0x00007ffd4a800000 - 0x00007ffd4a927000 	C:\WINDOWS\SYSTEM32\WINHTTP.dll
0x00007ffd51ac0000 - 0x00007ffd51b2b000 	C:\WINDOWS\system32\mswsock.dll
0x00007ffd1d860000 - 0x00007ffd1d876000 	C:\Users\mrtha\.jdks\ms-17.0.17\bin\nio.dll
0x00007ffd379d0000 - 0x00007ffd379e0000 	C:\Users\mrtha\.jdks\ms-17.0.17\bin\verify.dll
0x00007ffd1ded0000 - 0x00007ffd1def7000 	C:\Users\mrtha\.gradle\native\c067742578af261105cb4f569cf0c3c89f3d7b1fecec35dd04571415982c5e48\windows-amd64\native-platform.dll
0x00007ffc84210000 - 0x00007ffc84354000 	C:\Users\mrtha\.gradle\native\100fb08df4bc3b14c8652ba06237920a3bd2aa13389f12d3474272988ae205f9\windows-amd64\native-platform-file-events.dll
0x00007ffd2feb0000 - 0x00007ffd2feba000 	C:\Users\mrtha\.jdks\ms-17.0.17\bin\management.dll
0x00007ffd1dec0000 - 0x00007ffd1decc000 	C:\Users\mrtha\.jdks\ms-17.0.17\bin\management_ext.dll
0x00007ffd53f00000 - 0x00007ffd53f08000 	C:\WINDOWS\System32\PSAPI.DLL
0x00007ffd51eb0000 - 0x00007ffd51ecb000 	C:\WINDOWS\SYSTEM32\CRYPTSP.dll
0x00007ffd514d0000 - 0x00007ffd51509000 	C:\WINDOWS\system32\rsaenh.dll
0x00007ffd51b70000 - 0x00007ffd51b9b000 	C:\WINDOWS\SYSTEM32\USERENV.dll
0x00007ffd526f0000 - 0x00007ffd5271a000 	C:\WINDOWS\SYSTEM32\bcrypt.dll
0x00007ffd51d10000 - 0x00007ffd51d1c000 	C:\WINDOWS\SYSTEM32\CRYPTBASE.dll
0x00007ffd50f70000 - 0x00007ffd50fa4000 	C:\WINDOWS\SYSTEM32\IPHLPAPI.DLL
0x00007ffd55890000 - 0x00007ffd5589a000 	C:\WINDOWS\System32\NSI.dll
0x00007ffd4a7d0000 - 0x00007ffd4a7ee000 	C:\WINDOWS\SYSTEM32\dhcpcsvc6.DLL
0x00007ffd4a7a0000 - 0x00007ffd4a7c3000 	C:\WINDOWS\SYSTEM32\dhcpcsvc.DLL
0x00007ffd50fb0000 - 0x00007ffd510dc000 	C:\WINDOWS\SYSTEM32\DNSAPI.dll
0x00007ffd1cbe0000 - 0x00007ffd1cbe9000 	C:\Users\mrtha\.jdks\ms-17.0.17\bin\extnet.dll
0x00007ffd1cbd0000 - 0x00007ffd1cbde000 	C:\Users\mrtha\.jdks\ms-17.0.17\bin\sunmscapi.dll
0x00007ffd52a70000 - 0x00007ffd52be7000 	C:\WINDOWS\System32\CRYPT32.dll
0x00007ffd52000000 - 0x00007ffd52030000 	C:\WINDOWS\SYSTEM32\ncrypt.dll
0x00007ffd51fb0000 - 0x00007ffd51fef000 	C:\WINDOWS\SYSTEM32\NTASN1.dll
0x00007ffd3e170000 - 0x00007ffd3e178000 	C:\WINDOWS\system32\wshunix.dll
0x0000000058640000 - 0x0000000058666000 	C:\Program Files\Bonjour\mdnsNSP.dll
0x00007ffd4b310000 - 0x00007ffd4b31b000 	C:\Windows\System32\rasadhlp.dll
0x00007ffd49e40000 - 0x00007ffd49ec6000 	C:\WINDOWS\System32\fwpuclnt.dll
0x00007ffd1cbc0000 - 0x00007ffd1cbc7000 	C:\Users\mrtha\.jdks\ms-17.0.17\bin\rmi.dll
0x00007ffd1dd00000 - 0x00007ffd1dd41000 	C:\Users\mrtha\AppData\Local\Temp\jna-104174760\jna5205541773217795217.dll
0x00007ffd51690000 - 0x00007ffd516c6000 	C:\WINDOWS\SYSTEM32\ntmarta.dll
0x00007ffd4fb90000 - 0x00007ffd4fc2e000 	C:\WINDOWS\system32\apphelp.dll

dbghelp: loaded successfully - version: 4.0.5 - missing functions: none
symbol engine: initialized successfully - sym options: 0x614 - pdb path: .;C:\Users\mrtha\.jdks\ms-17.0.17\bin;C:\WINDOWS\SYSTEM32;C:\WINDOWS\WinSxS\amd64_microsoft.windows.common-controls_6595b64144ccf1df_6.0.26100.7705_none_3e06597ae3363b04;C:\Users\mrtha\.jdks\ms-17.0.17\bin\server;C:\Users\mrtha\.gradle\native\c067742578af261105cb4f569cf0c3c89f3d7b1fecec35dd04571415982c5e48\windows-amd64;C:\Users\mrtha\.gradle\native\100fb08df4bc3b14c8652ba06237920a3bd2aa13389f12d3474272988ae205f9\windows-amd64;C:\Program Files\Bonjour;C:\Users\mrtha\AppData\Local\Temp\jna-104174760

VM Arguments:
jvm_args: --add-opens=java.base/java.lang=ALL-UNNAMED --add-opens=java.base/java.lang.invoke=ALL-UNNAMED --add-opens=java.base/java.util=ALL-UNNAMED --add-opens=java.prefs/java.util.prefs=ALL-UNNAMED --add-exports=jdk.compiler/com.sun.tools.javac.api=ALL-UNNAMED --add-exports=jdk.compiler/com.sun.tools.javac.util=ALL-UNNAMED --add-opens=java.base/java.util=ALL-UNNAMED --add-opens=java.prefs/java.util.prefs=ALL-UNNAMED --add-opens=java.base/java.nio.charset=ALL-UNNAMED --add-opens=java.base/java.net=ALL-UNNAMED --add-opens=java.base/java.util.concurrent.atomic=ALL-UNNAMED --add-opens=java.xml/javax.xml.namespace=ALL-UNNAMED -Xmx2048m -Dfile.encoding=UTF-8 -Duser.country=RU -Duser.language=ru -Duser.variant -javaagent:C:\Users\mrtha\.gradle\wrapper\dists\gradle-8.11.1-bin\bpt9gzteqjrbo1mjrsomdt32c\gradle-8.11.1\lib\agents\gradle-instrumentation-agent-8.11.1.jar 
java_command: org.gradle.launcher.daemon.bootstrap.GradleDaemon 8.11.1
java_class_path (initial): C:\Users\mrtha\.gradle\wrapper\dists\gradle-8.11.1-bin\bpt9gzteqjrbo1mjrsomdt32c\gradle-8.11.1\lib\gradle-daemon-main-8.11.1.jar
Launcher Type: SUN_STANDARD

[Global flags]
     intx CICompilerCount                          = 12                                        {product} {ergonomic}
     uint ConcGCThreads                            = 4                                         {product} {ergonomic}
     uint G1ConcRefinementThreads                  = 15                                        {product} {ergonomic}
   size_t G1HeapRegionSize                         = 1048576                                   {product} {ergonomic}
    uintx GCDrainStackTargetSize                   = 64                                        {product} {ergonomic}
   size_t InitialHeapSize                          = 264241152                                 {product} {ergonomic}
   size_t MarkStackSize                            = 4194304                                   {product} {ergonomic}
   size_t MaxHeapSize                              = 2147483648                                {product} {command line}
   size_t MaxNewSize                               = 1287651328                                {product} {ergonomic}
   size_t MinHeapDeltaBytes                        = 1048576                                   {product} {ergonomic}
   size_t MinHeapSize                              = 8388608                                   {product} {ergonomic}
    uintx NonNMethodCodeHeapSize                   = 7602480                                {pd product} {ergonomic}
    uintx NonProfiledCodeHeapSize                  = 122027880                              {pd product} {ergonomic}
    uintx ProfiledCodeHeapSize                     = 122027880                              {pd product} {ergonomic}
    uintx ReservedCodeCacheSize                    = 251658240                              {pd product} {ergonomic}
     bool SegmentedCodeCache                       = true                                      {product} {ergonomic}
   size_t SoftMaxHeapSize                          = 2147483648                             {manageable} {ergonomic}
     bool UseCompressedClassPointers               = true                           {product lp64_product} {ergonomic}
     bool UseCompressedOops                        = true                           {product lp64_product} {ergonomic}
     bool UseG1GC                                  = true                                      {product} {ergonomic}
     bool UseLargePagesIndividualAllocation        = false                                  {pd product} {ergonomic}

Logging:
Log output configuration:
 #0: stdout all=warning uptime,level,tags
 #1: stderr all=off uptime,level,tags

Environment Variables:
PATH=C:\WINDOWS\system32;C:\WINDOWS;C:\WINDOWS\System32\Wbem;C:\WINDOWS\System32\WindowsPowerShell\v1.0\;C:\WINDOWS\System32\OpenSSH\;C:\Program Files (x86)\NVIDIA Corporation\PhysX\Common;C:\Program Files\dotnet\;C:\Program Files\NVIDIA Corporation\NVIDIA app\NvDLISR;D:\Git\cmd;C:\Program Files\PuTTY\;C:\Users\mrtha\AppData\Local\Microsoft\WindowsApps;D:\Microsoft VS Code\bin;C:\Users\mrtha\AppData\Local\Programs\Ollama;C:\Users\mrtha\.lmstudio\bin;C:\Users\mrtha\.dotnet\tools
USERNAME=mrtha
OS=Windows_NT
PROCESSOR_IDENTIFIER=Intel64 Family 6 Model 154 Stepping 3, GenuineIntel
TMP=C:\Users\mrtha\AppData\Local\Temp
TEMP=C:\Users\mrtha\AppData\Local\Temp



Periodic native trim disabled


---------------  S Y S T E M  ---------------

OS:
 Windows 11 , 64 bit Build 26100 (10.0.26100.7705)
OS uptime: 2 days 16:15 hours
Hyper-V role detected

CPU: total 20 (initial active 20) (10 cores per cpu, 2 threads per core) family 6 model 154 stepping 3 microcode 0x419, cx8, cmov, fxsr, ht, mmx, 3dnowpref, sse, sse2, sse3, ssse3, sse4.1, sse4.2, popcnt, lzcnt, tsc, tscinvbit, avx, avx2, aes, erms, clmul, bmi1, bmi2, adx, sha, fma, vzeroupper, clflush, clflushopt, clwb, hv
Processor Information for processor 0
  Max Mhz: 2300, Current Mhz: 2300, Mhz Limit: 2300
Processor Information for processor 1
  Max Mhz: 2300, Current Mhz: 2300, Mhz Limit: 2300
Processor Information for processor 2
  Max Mhz: 2300, Current Mhz: 2300, Mhz Limit: 2300
Processor Information for processor 3
  Max Mhz: 2300, Current Mhz: 2300, Mhz Limit: 2300
Processor Information for processor 4
  Max Mhz: 2300, Current Mhz: 2300, Mhz Limit: 2300
Processor Information for processor 5
  Max Mhz: 2300, Current Mhz: 2300, Mhz Limit: 2300
Processor Information for processor 6
  Max Mhz: 2300, Current Mhz: 2300, Mhz Limit: 2300
Processor Information for processor 7
  Max Mhz: 2300, Current Mhz: 2300, Mhz Limit: 2300
Processor Information for processor 8
  Max Mhz: 2300, Current Mhz: 2300, Mhz Limit: 2300
Processor Information for processor 9
  Max Mhz: 2300, Current Mhz: 2300, Mhz Limit: 2300
Processor Information for processor 10
  Max Mhz: 2300, Current Mhz: 2300, Mhz Limit: 2300
Processor Information for processor 11
  Max Mhz: 2300, Current Mhz: 2300, Mhz Limit: 2300
Processor Information for processor 12
  Max Mhz: 2300, Current Mhz: 1700, Mhz Limit: 1679
Processor Information for processor 13
  Max Mhz: 2300, Current Mhz: 1700, Mhz Limit: 1679
Processor Information for processor 14
  Max Mhz: 2300, Current Mhz: 1700, Mhz Limit: 1679
Processor Information for processor 15
  Max Mhz: 2300, Current Mhz: 1500, Mhz Limit: 1679
Processor Information for processor 16
  Max Mhz: 2300, Current Mhz: 1500, Mhz Limit: 1679
Processor Information for processor 17
  Max Mhz: 2300, Current Mhz: 1500, Mhz Limit: 1679
Processor Information for processor 18
  Max Mhz: 2300, Current Mhz: 1500, Mhz Limit: 1679
Processor Information for processor 19
  Max Mhz: 2300, Current Mhz: 1700, Mhz Limit: 1679

Memory: 4k page, system-wide physical 16049M (1460M free)
TotalPageFile size 32098M (AvailPageFile size 5154M)
current process WorkingSet (physical memory assigned to process): 2068M, peak: 2135M
current process commit charge ("private bytes"): 2388M, peak: 2478M

vm_info: OpenJDK 64-Bit Server VM (17.0.17+10-LTS) for windows-amd64 JRE (17.0.17+10-LTS), built on Oct 13 2025 22:19:56 by "MicrosoftCorporation" with unknown MS VC++:1944

END.
